customer_id,name,email,phone,country,signup_date
CUST00001,Allison Hill,donaldgarcia@example.net,+1-219-560-0133,United States,2025-11-01
CUST00002,Jennifer Cole,lisa02@example.net,(254)923-5116x15594,USA,2025-04-18
CUST00003,Jamie Arnold,barbara10@example.net,441.731.6475,United Kingdom,2024-10-02
CUST00004,Mia Sutton,lynchgeorge@example.net,527.264.8350,Canada,2026-02-07
CUST00005,Austin Gentry,,,Canada,2026-09-06
CUST00006,Johnny Campos,,,US,2024-07-26
CUST00007,Aaron Bowen,teresa28@example.org,+1-948-293-2528x8095,United States,2024-01-09
CUST00008,William Roman,brianhumphrey@example.org,671-882-2782,United States,2026-07-31
CUST00009,Nicole Vaughn,raymond57@example.net,213.331.5098x393,Germany,2025-10-23
CUST00010,Austin Johnson,chad34@example.net,838.729.9737x6311,USA,2024-12-16
CUST00011,Nicholas Nunez,brownjessica@example.org,933.587.2624,USA,2026-04-24
CUST00012,Robert Chase,williamsyvette@example.org,432-867-7360,United States,2023-09-11
CUST00013,Timothy Glover,rodney87@example.org,243.909.8050,Canada,2025-03-13
CUST00014,Brooke Yu,yorkcasey@example.org,+1-736-619-3990x91699,Canada,2024-04-19
CUST00015,Cynthia Foster,stephen10@example.com,+1-791-618-3842x513,USA,2024-02-28
CUST00016,Michele Carr,contrerasangela@example.net,524-711-8244,Canada,2024-04-19
CUST00017,Deborah Freeman,davisrodney@example.com,2053242786,Germany,2023-11-30
CUST00018,Stephanie Gardner,,,Canada,2026-06-19
CUST00019,Christopher Marsh,nicolejohnson@example.net,563-542-1607x33754,Australia,2023-10-04
CUST00020,Garrett Lin,michael86@example.net,+1-350-814-2940,United Kingdom,2024-09-21
CUST00021,Jessica Joyce,cruzbarbara@example.com,7607883561,USA,2025-09-05
CUST00022,Steven Hunter,snguyen@example.com,+1-823-266-2994,US,2024-08-07
CUST00023,Richard Lawson,steven73@example.net,221.248.9513x4332,Germany,2024-06-03
CUST00024,Samuel Jones,kmercado@example.org,001-967-263-2016x328,UK,2025-05-11
CUST00025,Barbara Anderson,jcontreras@example.net,979-586-8727x74348,United Kingdom,2024-07-05
CUST00026,Dustin Nelson,patricia12@example.org,962.831.6658,US,2023-11-16
CUST00027,Jean Carrillo,gateskathy@example.com,805.946.6889x3734,Canada,2023-10-10
CUST00028,Michael Powell,marycalhoun@example.net,+1-906-499-0162,UK,2023-11-03
CUST00029,Daniel Murphy,aramirez@example.com,270-580-5310,United States,2024-04-14
CUST00030,Christian Martinez,,,United States,2026-07-06
CUST00031,Kevin Rivas,curtisbarton@example.net,+1-819-905-8651x850,Germany,2024-01-02
CUST00032,Madison Poole,,,United States,2025-12-09
CUST00033,Mary Rogers,lrosales@example.com,554.354.9480,UK,2024-05-30
CUST00034,Justin Allen,fbrewer@example.com,9147363495,UK,2024-12-18
CUST00035,Erin Warner,,,United Kingdom,2026-03-09
CUST00036,Isaac Turner,joshuamccann@example.net,627-910-9477x7520,USA,2024-01-12
CUST00037,John Ray,hernandezlisa@example.com,831-986-9993,Australia,2026-05-31
CUST00038,Kevin Patterson,lynchjody@example.org,+1-934-612-3281x2067,United States,2023-10-14
CUST00039,Douglas Heath,mcdanielsandra@example.net,001-336-218-3242,Germany,2024-03-08
CUST00040,Paul Carroll,scott74@example.net,(248)387-7190x6594,United States,2024-05-16
CUST00041,Shannon Matthews,keyemily@example.com,001-802-978-7429,United Kingdom,2026-08-06
CUST00042,Jason Morris,hodgemark@example.net,246.980.7154x5168,UK,2024-12-04
CUST00043,Isaiah Avila,nwolf@example.com,+1-424-677-1093,Canada,2025-05-04
CUST00044,Anna Gay,murraydavid@example.org,448.346.7737x8263,United States,2024-07-07
CUST00045,Jennifer Villa,lori44@example.net,001-872-978-7558,USA,2026-06-27
CUST00046,Veronica Allen,xhall@example.com,7573662702,Canada,2026-04-24
CUST00047,Joseph Bryant,robertpena@example.org,874-759-6158,United Kingdom,2025-07-26
CUST00048,Katherine Weaver,,,United States,2026-01-28
CUST00049,James Thomas,yknight@example.org,(421)596-9379,Canada,2025-01-26
CUST00050,David Smith,rsantana@example.net,(617)559-4647,United States,2026-09-08
CUST00051,Ashley James,bailey40@example.net,(640)490-9743x9533,Germany,2025-07-28
CUST00052,Maria Parker,xjohnson@example.net,(714)656-2328,United Kingdom,2026-03-07
CUST00053,Roger Olson,julie51@example.com,623-368-5160,Australia,2025-01-19
CUST00054,Megan Richards,daniel37@example.org,+1-285-693-1746x120,UK,2026-09-04
CUST00055,David Medina,qchavez@example.net,001-786-592-6179x640,US,2025-01-06
CUST00056,Savannah Garcia,amy50@example.com,531-371-3900x532,UK,2026-03-06
CUST00057,Laurie Li,markhernandez@example.net,4422284210,UK,2024-10-05
CUST00058,Leah Smith,brian68@example.org,001-617-975-8917x8390,Canada,2025-08-14
CUST00059,Zachary Boone,fparks@example.net,711.859.2124x998,United Kingdom,2026-09-03
CUST00060,Jody Jacobs,mcguiredanny@example.net,+1-883-767-3657x6615,United States,2025-09-06
CUST00061,Christian Leblanc,davischristopher@example.com,352-880-9885,US,2024-09-30
CUST00062,Nicole Parrish,schmittcaroline@example.com,798-332-7315,Canada,2025-12-22
CUST00063,Renee Bruce,,,US,2025-11-29
CUST00064,Anna Moreno,vbarnes@example.org,(645)999-1022x901,Australia,2025-09-03
CUST00065,Mr. Donald Fischer,reeddaniel@example.net,+1-497-684-0369x00343,Germany,2024-07-22
CUST00066,Jonathan Jordan,,,United Kingdom,2025-05-29
CUST00067,Jennifer Wilson,,,Canada,2024-05-08
CUST00068,Angela Schultz,,,UK,2025-09-24
CUST00069,Maria Downs,michelle52@example.com,377-644-9058,USA,2025-01-27
CUST00070,Jacob Mitchell,gilbertwilliam@example.com,001-480-279-3597,Canada,2025-01-14
CUST00071,Sara Haas,wagnergerald@example.org,001-777-288-9255x466,USA,2026-01-20
CUST00072,Andrea Davis,umitchell@example.net,+1-625-819-2546x291,UK,2025-08-14
CUST00073,Carl Warner,lucasrodney@example.com,4544235733,Germany,2023-12-02
CUST00074,Ashley Wise,stanleynancy@example.net,(296)822-2927,United Kingdom,2024-10-12
CUST00075,Tracy Bishop,pyoung@example.com,435.697.7468x8623,United States,2023-11-05
CUST00076,Mr. Timothy Dawson,mitchellkathryn@example.com,782.561.3750x606,Canada,2024-11-05
CUST00077,Danny Flores,combsdebra@example.org,(304)272-7790,UK,2024-06-15
CUST00078,Kimberly Acosta,srodriguez@example.org,510-436-9711x7980,Canada,2024-07-24
CUST00079,Harry Duncan,elizabethmiller@example.com,288-888-8067,Australia,2026-08-19
CUST00080,Alan Kramer,john19@example.net,001-252-605-8527x72217,Germany,2024-04-16
CUST00081,Stacey Stewart,zachary87@example.com,8348505415,Australia,2025-12-01
CUST00082,Jasmine Beltran,xholt@example.net,716-616-9284x511,US,2024-08-09
CUST00083,Jessica Norris,sergio59@example.com,401-365-8202x970,United Kingdom,2024-05-24
CUST00084,Heidi Herring,jacobserika@example.com,(271)492-8565x431,US,2025-03-08
CUST00085,Justin Green,jane39@example.com,001-373-612-1727x155,Canada,2026-05-12
CUST00086,Michelle Ho,,,United Kingdom,2025-07-10
CUST00087,Eric Key,xfox@example.com,001-412-451-7785,Germany,2025-12-28
CUST00088,Jonathan Oneill,holmeskevin@example.org,335-484-1438x42498,Germany,2025-06-18
CUST00089,Carolyn Weber,megan90@example.org,909-643-9690,UK,2025-08-12
CUST00090,David Aguirre,eevans@example.net,4277677359,Canada,2026-04-10
CUST00091,William Reed,,,US,2023-11-03
CUST00092,Sharon Barnes,lisapeck@example.net,532-578-7747x01687,Australia,2025-06-09
CUST00093,Douglas Harper,amitchell@example.org,(624)356-5060x98358,United States,2024-11-05
CUST00094,Joshua Bryan,andersoncolin@example.com,985-923-9868x00025,USA,2024-02-19
CUST00095,Brenda Velazquez,francisco94@example.net,688-287-9470x55169,United States,2025-06-24
CUST00096,Matthew Stanton,jennifersilva@example.org,896.523.0913x07562,US,2024-12-01
CUST00097,Tami Salas,thorntonapril@example.net,578-565-2785x85497,US,2024-07-10
CUST00098,Todd Hendrix,janet75@example.com,(284)641-9866x524,Germany,2026-07-22
CUST00099,Thomas Douglas,ilewis@example.com,+1-542-519-9330,United States,2023-11-05
CUST00100,Mitchell Garcia,adampierce@example.org,(877)434-5401x93802,Germany,2026-06-28
CUST00101,Russell French,sharonhayden@example.com,9044991547,Germany,2026-03-29
CUST00102,Corey Rodriguez,jessicawong@example.net,(805)749-3296,Australia,2023-12-13
CUST00103,Cathy Taylor,,,United Kingdom,2023-11-16
CUST00104,Eric Sullivan,hannah45@example.net,932.572.7956,USA,2025-12-21
CUST00105,Linda Cobb,xrice@example.org,001-410-788-3982,United States,2026-04-02
CUST00106,Michael Love,gdavis@example.com,9726867908,United Kingdom,2025-11-09
CUST00107,Robert Reese,williamsmelvin@example.org,+1-801-770-4622,UK,2026-09-01
CUST00108,Sergio Knox,,,United States,2026-08-16
CUST00109,Nathan Coleman,pmorrow@example.com,(324)231-0690x331,United Kingdom,2025-01-10
CUST00110,Shelby Sanchez,moralesjimmy@example.org,001-502-884-3959x95342,Germany,2024-08-03
CUST00111,Travis Hobbs,conniesimmons@example.com,8564856624,US,2025-12-13
CUST00112,Samuel Turner,lindamelendez@example.net,(568)282-6343x51751,Australia,2024-06-29
CUST00113,Lindsey Russo,lindamatthews@example.net,+1-337-935-4033,USA,2026-06-07
CUST00114,Michele Sanders,andrearowe@example.com,585.744.5877x175,United Kingdom,2024-08-16
CUST00115,Sean Figueroa,greensarah@example.net,001-664-923-5369x3785,US,2026-08-03
CUST00116,Katherine Jackson,gary87@example.org,+1-508-301-0062,United States,2025-10-23
CUST00117,Jonathan Brooks,bhopkins@example.org,+1-286-800-8484,United Kingdom,2026-02-08
CUST00118,Ashley Davis,johnharvey@example.com,(246)315-6793x341,Canada,2024-11-26
CUST00119,John Walsh,christopherbruce@example.net,291-480-3397x40148,US,2026-06-22
CUST00120,Tyrone Matthews,,,UK,2023-12-25
CUST00121,Billy Jacobs,unovak@example.org,+1-647-573-5866x2961,US,2025-10-29
CUST00122,Christian Dawson,jodistewart@example.org,404-875-4121,USA,2025-01-12
CUST00123,Jennifer Johnson,angela99@example.com,(404)666-1839x8262,UK,2024-08-04
CUST00124,Arthur Hamilton MD,xpatton@example.com,279.893.7124,Australia,2024-09-07
CUST00125,Regina Rivera,ryan92@example.com,693-875-2654x79356,USA,2024-10-13
CUST00126,Christina Osborn,erinpierce@example.net,837.841.6724x342,United States,2023-11-29
CUST00127,Karen Morales DDS,ystephens@example.com,001-789-811-3529x096,UK,2024-01-03
CUST00128,Daniel Burgess,seanmyers@example.net,001-382-350-7146,United Kingdom,2026-03-08
CUST00129,Hannah Cooper,,,Canada,2024-09-05
CUST00130,Joel Salinas,jacobsandoval@example.com,5936796603,USA,2025-12-11
CUST00131,Amy Garcia,michaelgonzalez@example.org,978-459-6969x155,Canada,2026-02-16
CUST00132,Elizabeth Mendez,powerslawrence@example.org,412-952-8669x2966,United States,2025-08-05
CUST00133,Maria Cooke,tracytaylor@example.com,890.950.7236x887,United States,2024-12-07
CUST00134,Katherine Miller,flynnjeffrey@example.org,338-642-7978x819,Australia,2026-01-05
CUST00135,Holly Carson,wolfscott@example.org,(713)840-7451x71339,United States,2024-03-08
CUST00136,Daniel Clark,hudsonamanda@example.net,+1-425-844-9481,US,2026-06-11
CUST00137,Sharon Martinez DVM,dustinmorris@example.org,001-767-929-4667x11684,US,2026-07-16
CUST00138,Aaron Schroeder,simonstephen@example.net,001-751-486-3637x454,Australia,2025-05-21
CUST00139,Mr. Michael Williams,simsmary@example.org,427-670-6324,US,2023-12-20
CUST00140,Bradley Beck,brettgarrett@example.net,001-936-211-0371x293,United Kingdom,2023-09-17
CUST00141,Bryan Dalton,timperez@example.org,001-211-455-4262x2189,Germany,2025-01-03
CUST00142,Lori Hernandez,cjensen@example.org,412-519-6565,Canada,2024-07-08
CUST00143,Juan Greene,,,Canada,2026-08-25
CUST00144,Bonnie Valencia,rdiaz@example.org,001-871-809-1043x00684,United Kingdom,2025-10-17
CUST00145,Joshua Jensen,christopher18@example.org,(285)569-1463,Germany,2023-12-12
CUST00146,Jesse Lynch,elizabeth21@example.org,001-620-327-5884x252,UK,2026-01-01
CUST00147,Robert Nelson,,,Australia,2024-06-14
CUST00148,Kenneth Sharp,,,Australia,2024-08-26
CUST00149,Nathan Nelson,duncandavid@example.net,6237806174,United States,2023-12-12
CUST00150,Jacob Carter,jodi37@example.com,001-573-783-2060,Canada,2025-08-05
CUST00151,Alexandra Rogers,usweeney@example.com,338-236-7024,Canada,2026-06-14
CUST00152,Kelly Haynes,stephen19@example.org,726.719.9062x34456,United States,2025-01-17
CUST00153,Tony Taylor,moorefrank@example.com,261-585-3747x41124,UK,2026-03-13
CUST00154,Brandon Wright,randy04@example.com,(306)478-8317,USA,2024-01-20
CUST00155,Richard Walker,madisonwatson@example.net,+1-319-294-1013x7215,Canada,2026-07-07
CUST00156,Thomas Hamilton,ycrawford@example.net,(625)932-4472x09993,Canada,2024-12-03
CUST00157,Amy Ramirez,robertday@example.net,780.865.7875,USA,2024-07-01
CUST00158,Kyle Johnson,brian78@example.com,001-493-421-3348x03965,United States,2024-05-25
CUST00159,Oscar Howard,warnermichael@example.net,001-229-337-8427,USA,2023-11-09
CUST00160,Alicia Woods,samantha32@example.com,001-725-800-2921x851,Canada,2025-06-12
CUST00161,Frank Daugherty,fconner@example.net,828-295-3926x44220,United States,2024-03-26
CUST00162,Robert Carr,zunigadonald@example.net,635-552-1570,USA,2024-06-08
CUST00163,David Rodriguez,,,UK,2025-01-15
CUST00164,Amanda Smith,stephanie15@example.org,(821)481-5997x0629,United States,2023-11-06
CUST00165,William Ortiz,,,Canada,2024-07-27
CUST00166,Lindsay Gonzalez,clarkdanielle@example.org,714.467.7418x6256,United Kingdom,2025-01-09
CUST00167,John Perez,anne21@example.org,+1-558-969-3806x86879,Australia,2024-08-01
CUST00168,Scott Johnson,davidtodd@example.org,(433)620-6163,Canada,2024-08-24
CUST00169,Renee Miller,,,US,2025-05-17
CUST00170,Dustin Nichols,natalie46@example.net,899.770.2462x9960,Australia,2025-10-04
CUST00171,John Adams,andrew44@example.com,513.824.7546x9137,Canada,2025-11-29
CUST00172,Sharon Nicholson,cameronmckinney@example.com,(289)902-3303,Australia,2023-11-03
CUST00173,Curtis Richardson,owagner@example.org,+1-603-357-9727x98552,Germany,2024-07-17
CUST00174,Christopher Armstrong,,,Canada,2024-06-11
CUST00175,Elizabeth Rasmussen,rodney65@example.com,637-648-9691x085,United States,2025-09-28
CUST00176,Mr. Donald Nguyen,jose43@example.org,230.596.5207x44666,United States,2024-09-19
CUST00177,Melissa Little,qknox@example.com,542.782.4172x48251,Germany,2024-05-10
CUST00178,Jennifer Eaton,jorge47@example.org,809.299.1738x1684,UK,2026-04-20
CUST00179,Willie Cooper,tthomas@example.org,001-917-352-5007x43292,Germany,2024-01-28
CUST00180,Jeffrey Patterson,,,Germany,2024-08-16
CUST00181,Jonathan Torres,colonkenneth@example.com,889.285.6257x532,Australia,2024-05-16
CUST00182,Bonnie Gross,daviddawson@example.org,(848)390-9010x0167,USA,2025-04-30
CUST00183,Christian Neal,turnerdorothy@example.net,549.592.6189x14117,United States,2026-01-08
CUST00184,Valerie Howard,cphillips@example.net,337.353.0011x9721,USA,2026-05-27
CUST00185,Joyce Madden,steven12@example.org,655-361-1002x2557,Germany,2024-10-21
CUST00186,Brian Ross,ynelson@example.net,462.812.0216x9797,UK,2026-01-09
CUST00187,Shari Hobbs,timothyfreeman@example.com,301.845.0899x358,United States,2025-09-03
CUST00188,Gregory Rhodes,jhernandez@example.net,7025877217,Canada,2024-09-05
CUST00189,Jonathon Pierce,ppowell@example.org,879.871.7751x701,Canada,2023-10-18
CUST00190,Samantha Conner,,,Canada,2025-12-19
CUST00191,Glenn Gallegos,amy51@example.org,(372)861-4933,Australia,2024-05-02
CUST00192,Cheryl Morgan,owilliams@example.net,001-217-879-8270,US,2026-03-16
CUST00193,Mr. Thomas Thompson,jessicaanderson@example.com,+1-499-458-6693x46547,Germany,2024-12-04
CUST00194,Nicole Evans,jennifer83@example.org,394.752.2885,US,2025-05-17
CUST00195,Terri Mckinney,natalie60@example.net,606-620-0342,United Kingdom,2024-02-16
CUST00196,Richard Harris,howardshaun@example.net,+1-283-286-3840x66658,Australia,2025-12-02
CUST00197,Sean Dalton,ogreer@example.net,001-459-389-3347x212,Canada,2024-10-26
CUST00198,Justin Anderson,adam72@example.org,(759)309-4798,United States,2026-01-15
CUST00199,Daniel White,hartmanerik@example.net,+1-661-553-3555,Australia,2026-07-16
CUST00200,Karen Hoffman,wilsonmichael@example.org,+1-799-930-5616x4840,United States,2025-02-23
CUST00201,Matthew Flores,vaughangary@example.net,+1-801-333-6138,USA,2025-12-05
CUST00202,Joe Rivera,,,USA,2023-09-27
CUST00203,Kimberly May,avilabrenda@example.net,958-814-4914,United States,2024-11-15
CUST00204,Kara Ferguson,julierobles@example.net,824-350-8821x0099,Canada,2024-08-07
CUST00205,Stephanie Cooper,gwhitehead@example.org,(223)994-3129,US,2025-08-15
CUST00206,Michael King,jessicafreeman@example.com,(623)414-9135x775,Germany,2025-05-20
CUST00207,Eugene Patterson,edwardskristen@example.net,001-364-452-5777x5478,Australia,2025-08-16
CUST00208,Douglas Serrano,josemercado@example.org,001-910-480-9969x3084,Australia,2024-10-13
CUST00209,Raymond Quinn,dennis88@example.org,(458)903-9282x7229,Canada,2026-07-04
CUST00210,Philip Hall,mike03@example.net,(467)870-0518x449,Germany,2025-08-25
CUST00211,Matthew Houston,nicholas38@example.com,(657)579-0827x231,USA,2024-02-20
CUST00212,Lance Montoya,robertrivera@example.org,477.439.2603x0299,US,2025-07-29
CUST00213,Kenneth Brown,sandra86@example.net,001-404-513-7977,Germany,2026-03-07
CUST00214,Rebecca Hoover,,,USA,2025-07-03
CUST00215,Steven Greene,,,Germany,2026-01-21
CUST00216,Kevin Figueroa,colemanjonathan@example.org,349-286-4300,United Kingdom,2024-10-24
CUST00217,Robert Ortiz,mooredenise@example.com,986-495-9463x688,Australia,2024-10-18
CUST00218,Dawn Parker,kim62@example.net,237-421-3865,United Kingdom,2024-11-08
CUST00219,Regina Morrow,bfrost@example.org,643-251-9066,Germany,2026-07-11
CUST00220,Margaret Gonzales,melissagalvan@example.net,430-398-8392x0530,Australia,2026-09-05
CUST00221,Heather Foster,aprilmclaughlin@example.org,584-989-5543,US,2026-06-23
CUST00222,Debbie Russell,hansenwesley@example.com,984-589-4769,Canada,2025-12-17
CUST00223,Judy Murray,olsonjonathan@example.com,+1-833-756-5880x4341,United Kingdom,2023-12-01
CUST00224,Karen Gomez,ian37@example.net,733.443.3339,Canada,2026-01-09
CUST00225,Blake Sosa,waustin@example.net,4756957947,USA,2024-11-18
CUST00226,Bethany Fox,imendoza@example.org,356.727.1875x00369,USA,2024-10-09
CUST00227,Chelsea Baker,thomas95@example.com,(976)436-5564,UK,2025-05-27
CUST00228,Melissa Olsen,linda86@example.com,722.970.2672,USA,2024-08-02
CUST00229,Laura Ross,briancervantes@example.com,+1-317-754-5588x4506,USA,2026-04-16
CUST00230,Christina Johnston,tiffanymitchell@example.com,+1-887-371-6947x22569,Australia,2023-12-04
CUST00231,Erik Delgado,catherine64@example.com,001-459-887-6220x23413,US,2023-12-30
CUST00232,Shawn Kelley,wisealexandria@example.org,649-921-6433,USA,2025-07-26
CUST00233,Ryan Johnson,michelle57@example.com,+1-948-872-8299,United States,2025-04-04
CUST00234,Emily Reed,,,US,2023-09-19
CUST00235,Edward Hall,kelleyjacob@example.net,(663)626-6341x63894,United States,2024-12-04
CUST00236,Catherine Roberts,rwilliamson@example.net,+1-673-450-2080x214,United States,2025-10-31
CUST00237,Crystal Hernandez,arobinson@example.com,457.505.1204x6187,Canada,2026-05-17
CUST00238,James Smith,paulproctor@example.org,001-303-671-8376x4520,Germany,2025-02-17
CUST00239,Isaac Williams,teresayoung@example.com,702-349-1630x09792,United States,2024-06-07
CUST00240,Mr. George Booker DDS,browndeanna@example.net,+1-512-273-5857,Canada,2025-10-03
CUST00241,Chad Roach,jmann@example.com,+1-673-492-8557,USA,2023-11-23
CUST00242,Edward Baker,shawn86@example.net,(809)559-3518,United States,2025-04-05
CUST00243,Mr. Louis Morris DDS,davisdonna@example.org,(820)931-7310,Germany,2025-04-07
CUST00244,Dawn Diaz,smithsamantha@example.net,317.605.8650x9480,UK,2023-12-03
CUST00245,Joseph Garcia,amandalopez@example.net,+1-439-828-8619x57612,United Kingdom,2025-03-15
CUST00246,Kimberly Greene,rachel85@example.com,(865)293-9836x84577,Canada,2025-11-13
CUST00247,Ms. Kelly Holder,adam33@example.com,2489889921,UK,2024-10-02
CUST00248,Jacob Perkins,jonathanevans@example.net,(893)315-7279x1940,Canada,2026-01-11
CUST00249,Felicia Hobbs,hbutler@example.org,001-590-460-4805x8925,United Kingdom,2023-11-03
CUST00250,Jenna Griffin,,,Germany,2024-11-18
CUST00251,Michael Gill,fhansen@example.com,+1-393-389-8331x4659,US,2025-09-14
CUST00252,Gregory Flores,carrillogary@example.com,+1-279-527-0335x211,United Kingdom,2026-07-15
CUST00253,Sheila Wilkins,cooperlinda@example.com,970.453.8338x848,Australia,2025-10-09
CUST00254,Jamie Escobar,scottbrian@example.org,001-694-807-0164x510,UK,2024-05-19
CUST00255,William Garcia,todd98@example.org,(638)778-0038,United States,2025-02-26
CUST00256,Alicia Sutton,colleen38@example.com,8464084325,USA,2023-12-14
CUST00257,Tyler Salazar,robertberry@example.com,495-878-2329x8324,Australia,2026-09-04
CUST00258,Brianna Fitzpatrick,,,United States,2024-02-22
CUST00259,Carlos Johnson,catherine93@example.net,930.751.7289,United States,2024-03-28
CUST00260,John Martin,antonioduran@example.org,563-833-1279x757,Canada,2024-11-25
CUST00261,Nicolas James,phillip99@example.net,208.517.7038x86086,United Kingdom,2024-07-24
CUST00262,Eric Carey,sjackson@example.net,4828771812,US,2024-12-05
CUST00263,Christopher Garza,nicoledavis@example.com,001-421-811-7518x689,UK,2025-05-04
CUST00264,Christopher Rogers,fernandothomas@example.net,5642474212,United States,2025-07-22
CUST00265,Jimmy Foley,franklintrevor@example.org,001-577-667-1990,Canada,2025-07-19
CUST00266,Samantha Williams,brianbailey@example.org,4994451016,UK,2025-09-14
CUST00267,Melissa Larson,tammycurry@example.com,3146556168,United Kingdom,2025-02-06
CUST00268,Scott Murphy,swarren@example.org,+1-601-798-1794x695,US,2026-06-21
CUST00269,Kathleen Daniel,lvasquez@example.net,843.801.0713,Australia,2023-10-28
CUST00270,Robert Lewis,hannahking@example.org,448-585-0155x6990,United Kingdom,2024-09-05
CUST00271,Michael Hendricks,brewertimothy@example.net,285.576.0849x588,USA,2025-06-02
CUST00272,Thomas Flynn,montesjuan@example.org,868-329-9629x14504,United Kingdom,2025-03-06
CUST00273,Jesse Sampson,aliciathompson@example.com,5317780782,United States,2026-06-17
CUST00274,Kelly Rowe,kaylagarcia@example.net,+1-923-207-6810x40915,US,2023-12-31
CUST00275,Nichole Johnson,danielle35@example.org,444.685.7142,United Kingdom,2024-01-12
CUST00276,Kristin Garcia,andrea42@example.net,993-221-4958x7020,United States,2024-01-03
CUST00277,Jeffery White,tjensen@example.com,981.679.2171,United States,2025-09-28
CUST00278,Julie Hall,,,US,2026-03-23
CUST00279,Gregory Andrews,sullivanjennifer@example.org,981-848-7696x39382,United Kingdom,2023-11-20
CUST00280,Michael Reynolds,vbradley@example.net,001-332-919-7199x758,United Kingdom,2024-03-20
CUST00281,Andrea Rodriguez,pmurphy@example.net,6138290227,Canada,2025-07-14
CUST00282,Daniel Rich,ashley46@example.net,(219)209-8624x058,UK,2025-10-18
CUST00283,Heather Callahan,youngjacqueline@example.com,+1-856-766-6832x7238,Canada,2026-03-17
CUST00284,Zachary Santiago,alexanderwong@example.org,001-876-921-2679x6927,United Kingdom,2024-11-03
CUST00285,Jeff Smith,,,Australia,2025-11-17
CUST00286,Shannon Christensen,steven18@example.net,737-218-9490,United Kingdom,2025-02-03
CUST00287,Julie Gross,zgomez@example.com,620-294-9407x9290,USA,2024-07-19
CUST00288,Jonathan York,johnathan94@example.com,901-492-9275x243,United States,2026-02-01
CUST00289,Grace Miller,caitlinunderwood@example.com,001-966-837-2395x04102,Germany,2025-02-11
CUST00290,Travis Nielsen,,,United Kingdom,2025-07-09
CUST00291,Denise Nelson,scottbreanna@example.com,001-339-338-5258x00106,USA,2025-09-29
CUST00292,Nicholas King,johnsonchristopher@example.net,+1-639-911-1926x92124,USA,2025-09-01
CUST00293,Jesse Carney,qschwartz@example.com,921-340-6650x442,UK,2025-02-28
CUST00294,Lisa White,,,US,2023-09-29
CUST00295,Mr. Aaron Johnson MD,isabelconway@example.net,2878766183,United Kingdom,2026-07-20
CUST00296,Karen Bradley,,,US,2025-10-10
CUST00297,Lydia Howard,mccluresamuel@example.org,(603)909-3761,Australia,2025-04-16
CUST00298,Joann Forbes,morganmatthew@example.net,5613387829,Germany,2023-10-19
CUST00299,Matthew Ruiz,sanchezdeborah@example.org,(304)317-9291,USA,2025-03-06
CUST00300,Connie Brock,vrogers@example.net,(351)698-2530x9251,United States,2024-02-10
CUST00301,Michael Tran,,,United States,2026-06-20
CUST00302,Linda Campbell,nschwartz@example.org,+1-348-676-3290x9279,US,2024-09-24
CUST00303,David Wilson,montgomerymichelle@example.net,237.734.0312x77220,USA,2024-07-17
CUST00304,Geoffrey Trujillo,vwilliams@example.org,+1-922-707-8113,UK,2024-12-11
CUST00305,Stephanie Hall,,,US,2024-10-22
CUST00306,Cory Howard,,,Germany,2026-05-07
CUST00307,Rachel Little,,,US,2025-11-23
CUST00308,Garrett Riley,robinvillanueva@example.com,3079806867,USA,2025-03-04
CUST00309,Paul Steele,idodson@example.com,431-807-4279x9077,United Kingdom,2024-03-29
CUST00310,Lori Padilla,daltonchad@example.net,780-246-4989x31950,UK,2024-01-08
CUST00311,Manuel Diaz,,,USA,2025-03-13
CUST00312,Anthony Watson,,,UK,2026-07-25
CUST00313,Christopher Rodriguez,,,Canada,2026-04-21
CUST00314,Travis Newman,plane@example.net,979-788-7749x24243,Canada,2026-08-07
CUST00315,Amber Gomez,nhuber@example.org,001-484-922-2231x059,United States,2024-06-20
CUST00316,Justin Johnson,,,UK,2024-02-27
CUST00317,Kimberly Romero,thomas49@example.net,(397)651-7028,Germany,2023-10-06
CUST00318,Connie Howard,brian39@example.net,843.501.8718,US,2025-02-27
CUST00319,Kayla Brown,raymond65@example.com,(904)655-4781x376,Canada,2024-03-06
CUST00320,Stephanie Chandler,ltaylor@example.net,823-347-8519,US,2023-09-16
CUST00321,Denise Thompson,wpage@example.org,626.948.7049,US,2025-05-13
CUST00322,Alexander Smith,kevin71@example.net,+1-946-827-3014x71959,Germany,2026-04-17
CUST00323,Karen Benson,,,USA,2025-08-06
CUST00324,Amber Carter,,,US,2024-02-06
CUST00325,Richard Jenkins,,,UK,2026-02-22
CUST00326,Karen Collins,don79@example.net,001-352-840-1322x34232,Germany,2025-10-05
CUST00327,Angela Hampton,,,Canada,2024-03-29
CUST00328,Brandon Singleton,stacy55@example.org,293.389.1190x83342,United Kingdom,2026-06-17
CUST00329,Sarah Wells,scottrosario@example.org,(466)938-3615x171,US,2025-12-22
CUST00330,Kristin Williams,,,United States,2026-09-07
CUST00331,Brian Kim DDS,,,Germany,2024-05-21
CUST00332,Jonathan Hubbard,katelyn65@example.com,+1-496-278-4271x14773,USA,2023-12-27
CUST00333,Barry Gregory,patrickshelton@example.org,699-711-8773x4778,Australia,2026-02-12
CUST00334,Alicia Gallagher,hbeard@example.com,856.477.0028x427,Canada,2024-08-16
CUST00335,Phillip Carroll,,,Canada,2025-07-16
CUST00336,William Flores,garzadavid@example.com,(590)556-1655x650,Australia,2024-05-23
CUST00337,Bradley Watts,danny20@example.net,807-769-8640x79056,UK,2025-05-28
CUST00338,Ariel Leonard,tyler52@example.net,856-537-1834x4049,United Kingdom,2025-07-24
CUST00339,Michelle Lane,joshua98@example.com,(935)414-8468x53664,Canada,2026-05-01
CUST00340,Kelli Lopez,,,Canada,2026-03-22
CUST00341,Scott Pruitt,,,USA,2025-05-14
CUST00342,Matthew Johnson,josephjohnson@example.com,+1-382-807-0015x94165,Canada,2026-07-08
CUST00343,Brenda Rodriguez,,,Germany,2024-01-04
CUST00344,Donald Ortiz,henrynicholas@example.org,286-573-4257x54090,UK,2024-06-12
CUST00345,Mark Haynes,nicholsjoel@example.com,(206)644-1343x2756,United Kingdom,2026-04-15
CUST00346,Teresa Ruiz,,,United States,2026-01-22
CUST00347,James Fuller,barbara12@example.org,329.865.7724x29543,United Kingdom,2024-10-15
CUST00348,James Davenport,,,UK,2023-12-15
CUST00349,Travis Wilson,dayala@example.net,513.633.4476x2639,Germany,2025-11-13
CUST00350,Christopher Sparks,robertsjose@example.net,835.897.1072x563,UK,2025-11-23
CUST00351,Brandon Brown,,,USA,2024-03-13
CUST00352,Gerald Mcdonald Jr.,hthomas@example.com,6277456449,United States,2024-12-29
CUST00353,Norman Henry,angelalivingston@example.net,803.320.3207x427,United Kingdom,2026-09-03
CUST00354,Amanda Kelly,hellis@example.net,(615)513-4228,US,2025-06-09
CUST00355,Kelly Duncan,pknapp@example.com,+1-915-904-1659x15201,United Kingdom,2025-01-18
CUST00356,Linda Smith,douglasstephanie@example.com,001-892-630-4501x8961,USA,2024-03-22
CUST00357,Sharon Davis,frankchan@example.com,+1-521-947-6492x5158,United States,2025-01-09
CUST00358,Derrick Burke,avilalisa@example.net,(466)910-8573,Germany,2025-04-08
CUST00359,Angela Mcdonald,solomontim@example.org,(343)286-4908,UK,2025-03-24
CUST00360,Jennifer Marshall,michael91@example.net,6177226016,UK,2025-06-13
CUST00361,Michael Hanson,matthew23@example.org,394-216-8006,Germany,2024-03-15
CUST00362,Michael Melton,,,United States,2025-08-19
CUST00363,Jessica Garrett,christophercarrillo@example.org,560.612.2777x0793,Germany,2025-05-25
CUST00364,Amber Smith,fpetty@example.net,001-998-540-7678,Canada,2025-10-30
CUST00365,Jennifer Stewart,adamsdeborah@example.com,579-957-6024,United Kingdom,2024-09-19
CUST00366,Daniel Stout,,,USA,2025-07-03
CUST00367,Jason Chaney,jimmy80@example.org,(545)322-8015x619,Germany,2025-05-16
CUST00368,Dr. Richard Hammond,paula89@example.net,207-371-1991,USA,2024-03-10
CUST00369,Daniel Ward,jean87@example.net,225-552-1376,Canada,2026-03-11
CUST00370,Dustin Jackson,nathan65@example.net,+1-932-486-3266x67850,UK,2025-12-31
CUST00371,Kelly Jones,leroy26@example.org,(202)690-8466x8455,Germany,2026-05-22
CUST00372,Bridget Powell,paigeweber@example.net,+1-675-563-4108x5628,United States,2023-12-19
CUST00373,Kelly Sherman,andrewzamora@example.net,001-643-746-8105,UK,2024-01-22
CUST00374,Teresa West,chaveztonya@example.net,001-498-893-5449,UK,2025-03-31
CUST00375,Garrett Aguilar,,,United States,2025-06-14
CUST00376,Jennifer Baker,cfields@example.net,962.928.2772x8813,United Kingdom,2023-10-14
CUST00377,Justin Dorsey,guzmanricky@example.org,(994)208-2154x544,United Kingdom,2026-01-23
CUST00378,Kevin Williams,pamela32@example.net,701.885.1067x9497,Germany,2025-02-10
CUST00379,Lisa Gill,qgill@example.com,(751)299-6636,UK,2026-07-25
CUST00380,Nancy Brewer,jasminearmstrong@example.net,981-281-3989x0983,Germany,2024-01-18
CUST00381,Catherine Smith,johnthornton@example.net,418.895.6907x056,United Kingdom,2023-10-05
CUST00382,Janet Davis,weaverjustin@example.org,612-846-2095x200,US,2023-12-26
CUST00383,Steven Scott,williamsjohn@example.net,001-737-988-6140,Canada,2025-05-07
CUST00384,Allen Schultz,adamstabitha@example.net,538-424-9671,Germany,2024-10-22
CUST00385,Dr. Kimberly Henderson,dwilliams@example.net,620-207-4946x5398,Germany,2024-03-03
CUST00386,Andrea Davis,,,US,2026-06-06
CUST00387,Thomas Lynch,valenzuelaemily@example.com,+1-376-781-1807,United Kingdom,2026-08-09
CUST00388,Kyle Hughes,martinezmitchell@example.org,903.704.5319x433,Germany,2023-10-19
CUST00389,Michael Obrien Jr.,rrodriguez@example.net,672.583.9992x19212,USA,2026-05-01
CUST00390,Denise Abbott,,,United Kingdom,2024-10-09
CUST00391,Stacey Walker,samantha87@example.com,3635519036,United Kingdom,2024-04-11
CUST00392,Arthur Garrett,castillolindsey@example.net,+1-954-331-7350x5831,Canada,2025-07-25
CUST00393,Angela Brown,bennettpamela@example.net,320-270-4961,Germany,2025-05-13
CUST00394,James Davis,mhall@example.net,+1-707-567-6991x507,UK,2024-01-05
CUST00395,Micheal Watkins,rebeccamartinez@example.net,656-879-7232x002,Australia,2025-03-24
CUST00396,Heather Silva,dylanparker@example.com,550-589-2038x8065,Australia,2025-08-11
CUST00397,Barry Lopez,dneal@example.net,001-259-995-9465x217,Australia,2024-05-06
CUST00398,Daniel Hall,johnnavarro@example.com,001-463-662-0501x5081,Canada,2025-01-03
CUST00399,Susan Ward,gonzalezjustin@example.org,425-883-2302x410,Australia,2025-08-26
CUST00400,Gina Clark,zallen@example.com,+1-728-896-1122x33865,US,2026-08-14
CUST00401,Angel Jensen,melissaphillips@example.org,830-742-8973x17912,United States,2025-03-08
CUST00402,Frank Brooks,,,United Kingdom,2026-05-10
CUST00403,Taylor Brooks,taylorchristopher@example.com,753.990.7895x67766,UK,2024-08-21
CUST00404,Christopher Hall,howardchristopher@example.net,781.643.1115x08353,United States,2024-08-05
CUST00405,Melinda Hill,yeseniagoodwin@example.net,+1-240-944-5669,Canada,2025-08-25
CUST00406,Tiffany Grimes MD,thomasblack@example.net,001-777-451-5366x37780,United Kingdom,2025-06-02
CUST00407,Tony Smith,,,Canada,2024-04-19
CUST00408,Joseph Lopez,murphysuzanne@example.net,812-618-2097x0231,Canada,2024-04-21
CUST00409,Joseph Gibson,april25@example.com,(821)928-6716x3234,US,2024-03-01
CUST00410,Emily Harris,ahill@example.org,216.393.8597x779,USA,2024-07-20
CUST00411,Joyce Graves,peter26@example.org,(296)576-2916,USA,2026-05-06
CUST00412,Stephen Medina,wolfejennifer@example.org,568.215.1185x6724,Canada,2025-01-27
CUST00413,Michael Brady,zcooper@example.org,(500)941-2577x7118,Australia,2024-02-09
CUST00414,Sarah Jackson,lawsongregory@example.org,+1-462-510-4275,United States,2025-10-30
CUST00415,Kim Ramos,copelandlisa@example.net,+1-516-347-0900x63353,Australia,2023-09-26
CUST00416,Adrian Hoover,walkernicole@example.net,(520)568-1558,Germany,2026-06-29
CUST00417,Jeffrey Hall,,,Canada,2024-08-04
CUST00418,Victoria Garcia,johnathandavis@example.com,+1-862-552-5715x0997,Germany,2025-03-13
CUST00419,Alexis Smith,parkerjoann@example.org,+1-510-925-7432x630,Australia,2025-11-27
CUST00420,Donald Schneider,,,Germany,2025-01-05
CUST00421,Sergio Jones,brettbraun@example.org,(812)998-3381,Canada,2024-08-15
CUST00422,Danielle Thompson,kevinray@example.net,947.815.6627,US,2025-03-15
CUST00423,Paige Weiss,ysmith@example.com,949-682-8246,USA,2025-01-18
CUST00424,Larry Jones,jennifergonzalez@example.org,8089576665,United States,2024-08-11
CUST00425,Mrs. Stacey Riddle,cruzariel@example.org,001-764-258-7506x63370,Germany,2025-10-12
CUST00426,Deborah Gibson,jonathanguzman@example.net,(501)816-6918,Canada,2024-03-08
CUST00427,Michael Mason,uwillis@example.com,001-311-395-2436x40270,US,2026-01-04
CUST00428,Jason Roberts,xjackson@example.org,001-223-472-8179x323,Australia,2026-02-11
CUST00429,William Savage,nsims@example.org,+1-921-941-6141x5093,USA,2025-09-15
CUST00430,Antonio Walton,ortegakristina@example.org,938-706-9847,Canada,2025-07-02
CUST00431,Michael Cooper,,,United States,2024-10-16
CUST00432,Mary Alvarez,akeller@example.net,905-305-7397x69156,Australia,2025-11-21
CUST00433,Cory Thomas,andersonlaura@example.com,+1-887-227-1783x33211,US,2024-03-02
CUST00434,Stephanie Miranda,jenniferwade@example.net,328-771-5399,Australia,2024-10-26
CUST00435,Nancy James,,,UK,2026-04-01
CUST00436,Laura Smith,lawrencejames@example.com,(455)628-9931x60875,Australia,2026-03-14
CUST00437,Mr. Kyle Thomas DDS,georgekyle@example.net,749-473-7460,Germany,2026-03-04
CUST00438,Nicholas Cochran,leblanckimberly@example.com,001-364-620-8656x7566,Australia,2024-07-14
CUST00439,Meredith Kelley,andersonkaren@example.net,4475292774,US,2024-05-05
CUST00440,Nancy Smith,gregoryvanessa@example.org,(862)401-5720x1859,Australia,2025-07-27
CUST00441,Andrew Allen,mturner@example.org,+1-961-576-4750x1111,Australia,2023-10-04
CUST00442,Laura Hill,bauerherbert@example.com,+1-964-392-1518x2606,United Kingdom,2025-03-30
CUST00443,Michelle Tyler,,,Canada,2025-05-31
CUST00444,Anita Scott,millerdavid@example.com,(482)960-3408x487,United Kingdom,2025-10-09
CUST00445,Victoria Bell,haileybates@example.org,503.724.3298,Australia,2024-07-09
CUST00446,Jennifer Pierce,patrick26@example.com,746-428-3143,Canada,2024-12-11
CUST00447,Willie Hamilton,maynardjohn@example.com,781-686-1515,United Kingdom,2024-02-16
CUST00448,Denise Garcia,nicholasgarcia@example.org,(684)697-1859,Australia,2025-07-05
CUST00449,Carolyn Potts,zwhite@example.net,+1-888-696-7924x08222,United States,2023-11-05
CUST00450,Vanessa Zimmerman,,,United Kingdom,2025-08-05
CUST00451,Eric Townsend,walterschase@example.org,829-401-4870,Canada,2025-02-15
CUST00452,Yolanda Barron,sullivanchristina@example.net,9684538909,United Kingdom,2025-09-17
CUST00453,Kelly Walker,richardsondennis@example.com,3676625153,UK,2024-08-01
CUST00454,Daniel Rojas,trobinson@example.net,207.797.0509x75451,UK,2026-05-11
CUST00455,Henry Garcia,hgonzalez@example.net,(861)770-2437,United States,2024-08-02
CUST00456,Clarence Cain,mayodiana@example.com,(625)260-5313,US,2024-02-02
CUST00457,Gary Johnson,stacymoyer@example.com,867-487-2568,US,2024-01-07
CUST00458,Alex Moore,saundersjoel@example.net,469-506-7447x16392,Canada,2024-07-13
CUST00459,Dennis Haynes,tgonzalez@example.org,001-689-523-9231x260,Germany,2026-06-23
CUST00460,Luis Davis,jamesalicia@example.net,+1-733-656-7086x0414,US,2026-07-08
CUST00461,Danielle Jacobson,blakewilliams@example.net,334-374-9162x47554,Canada,2025-09-11
CUST00462,Patricia Anderson,judith59@example.net,+1-253-543-9611x291,United States,2024-04-07
CUST00463,Brett Mcmahon,kevin73@example.net,001-820-323-6848x5571,Germany,2025-02-19
CUST00464,Tiffany Gibbs,carolhorton@example.org,809-803-6788x1278,Germany,2024-11-21
CUST00465,Clinton Moore,brittanysmith@example.net,288.544.3448x123,UK,2024-07-24
CUST00466,Teresa Ramirez,josephgibbs@example.net,338.610.5955,Australia,2025-11-08
CUST00467,Logan Nguyen,garrettalex@example.com,642.540.8916,Germany,2026-02-20
CUST00468,Derrick Perkins,,,USA,2025-08-18
CUST00469,Christopher Thompson,mmcdaniel@example.org,(216)337-6182,Canada,2024-10-27
CUST00470,Ronald Hines,andersonkayla@example.com,(490)901-8513,Germany,2025-12-19
CUST00471,Robin Parker,dmoore@example.net,001-448-210-0184x186,Germany,2026-06-04
CUST00472,Jeffery Hernandez,jeremiah61@example.com,(313)714-5195,USA,2026-06-16
CUST00473,Stephanie Munoz,royrogers@example.org,+1-462-449-4514x75410,Germany,2024-08-25
CUST00474,Nathan Floyd,hbriggs@example.net,(742)415-2265x57676,Australia,2026-02-04
CUST00475,Danielle Barnes,fryan@example.net,+1-336-519-6893,USA,2024-10-09
CUST00476,Samuel Cox,hrosario@example.org,(452)347-2863x330,UK,2026-07-29
CUST00477,Jamie Johnson,swatson@example.org,+1-891-479-2025x21310,United Kingdom,2025-12-25
CUST00478,Charles Rose,theodore57@example.net,001-804-812-0092x820,Germany,2025-09-23
CUST00479,Kristen Gallegos,jenna62@example.com,886-423-6903,Germany,2026-02-26
CUST00480,Lisa Jones,,,Canada,2024-05-28
CUST00481,Brian Lewis,avilakyle@example.net,903.241.9909,Australia,2023-10-31
CUST00482,Eric Hooper,susan83@example.com,001-965-221-5681x82096,Canada,2024-07-22
CUST00483,Joel Mcclure,cisnerosjesse@example.org,+1-822-288-9857x25459,United Kingdom,2026-05-12
CUST00484,Jasmine Clark,rubioashley@example.com,702-448-1717,Germany,2026-06-28
CUST00485,Douglas Cox,jonesjennifer@example.com,874-472-1970x546,Australia,2025-01-04
CUST00486,Lori Edwards,,,USA,2024-11-07
CUST00487,Brandon Owens,lrodriguez@example.net,966-536-5155,Germany,2025-10-17
CUST00488,Donald Johnson,stacythomas@example.org,690-696-0567x30306,UK,2025-08-05
CUST00489,Benjamin Sullivan,morgan76@example.net,542.701.6542,Germany,2026-07-07
CUST00490,Mr. Richard Sheppard,sgomez@example.net,(908)493-1992x5502,US,2025-03-09
CUST00491,Ricky Craig,abigail07@example.org,+1-779-510-3368x2963,Australia,2026-07-18
CUST00492,Laura Smith,allen48@example.org,001-477-966-5586x851,US,2024-12-21
CUST00493,Kurt Daniels,,,USA,2025-03-13
CUST00494,Mary Christian,jeffreygibson@example.com,737-515-7660,Germany,2025-03-18
CUST00495,Matthew Parker,anunez@example.com,4008258955,USA,2024-05-31
CUST00496,Cheryl Newman,solisbecky@example.org,+1-862-665-8263x1281,United States,2026-03-14
CUST00497,Frank Davis,kimcristina@example.net,(909)781-9602,Germany,2024-03-31
CUST00498,Courtney Lee,jessicaroman@example.com,001-440-641-2091x17911,US,2024-06-22
CUST00499,Billy Kirk,peterhenry@example.org,(217)313-6657x22402,Australia,2026-08-13
CUST00500,Karen Mendez DDS,aimeescott@example.org,790.380.8823,US,2026-05-20
CUST90000,Joel Salinas ,jacobsandoval@example.com,5936796603,USA,2025-12-11
CUST90001,Andrea Rodriguez ,pmurphy@example.net,6138290227,Canada,2025-07-14
CUST90002,Andrew Allen ,mturner@example.org,+1-961-576-4750x1111,Australia,2023-10-04
CUST90003,Dr. Kimberly Henderson ,dwilliams@example.net,620-207-4946x5398,Germany,2024-03-03
CUST90004,BETHANY FOX,imendoza@example.org,356.727.1875x00369,USA,2024-10-09
CUST90005,Jeffrey Hall ,,,Canada,2024-08-04
CUST90006,JENNIFER COLE,lisa02@example.net,(254)923-5116x15594,USA,2025-04-18
CUST90007,LAURA SMITH,lawrencejames@example.com,(455)628-9931x60875,Australia,2026-03-14
CUST90008,James Fuller ,barbara12@example.org,329.865.7724x29543,United Kingdom,2024-10-15
CUST90009,Amber Gomez ,nhuber@example.org,001-484-922-2231x059,United States,2024-06-20
CUST90010,Danielle Barnes ,fryan@example.net,+1-336-519-6893,USA,2024-10-09
CUST90011,CONNIE HOWARD,brian39@example.net,843.501.8718,US,2025-02-27
CUST90012,ROBERT CARR,zunigadonald@example.net,635-552-1570,USA,2024-06-08
CUST90013,Elizabeth Mendez ,powerslawrence@example.org,412-952-8669x2966,United States,2025-08-05
CUST90014,JENNIFER BAKER,cfields@example.net,962.928.2772x8813,United Kingdom,2023-10-14
CUST90015,DANIEL WHITE,hartmanerik@example.net,+1-661-553-3555,Australia,2026-07-16
CUST90016,BRANDON SINGLETON,stacy55@example.org,293.389.1190x83342,United Kingdom,2026-06-17
CUST90017,TERESA RAMIREZ,josephgibbs@example.net,338.610.5955,Australia,2025-11-08
CUST90018,BRIAN KIM DDS,,,Germany,2024-05-21
CUST90019,Melissa Little ,qknox@example.com,542.782.4172x48251,Germany,2024-05-10
CUST90020,Luis Davis ,jamesalicia@example.net,+1-733-656-7086x0414,US,2026-07-08
CUST90021,David Aguirre ,eevans@example.net,4277677359,Canada,2026-04-10
CUST90022,Samantha Williams ,brianbailey@example.org,4994451016,UK,2025-09-14
CUST90023,KEVIN WILLIAMS,pamela32@example.net,701.885.1067x9497,Germany,2025-02-10
CUST90024,JONATHAN JORDAN,,,United Kingdom,2025-05-29
