order_id,customer_id,order_date,quantity,unit_price
ORD000001,CUST00263,09-29-2024,10,360.59
ORD000002,CUST00319,18/12/2024,1,290.02
ORD000003,CUST00204,07/11/2024,4,387.38
ORD000004,CUST00124,2026-01-26,1,217.05
ORD000005,CUST00350,09/12/2024,7,57.24
ORD000006,CUST00471,03-27-2025,9,138.69
ORD000007,CUST00496,2025-01-31,10,426.6
ORD000008,CUST00462,14/11/2024,8,335.75
ORD000009,CUST00333,07/02/2026,4,132.88
ORD000010,CUST00283,2025-12-28,4,361.44
ORD000011,CUST00488,08-15-2025,1,114.69
ORD000012,CUST00378,2026-04-22,7,277.44
ORD000013,CUST00314,23/07/2025,2,161.2
ORD000014,CUST00190,31/07/2026,8,296.85
ORD000015,CUST00103,07-14-2026,6,12.0
ORD000016,CUST00056,2025-03-09,3,377.63
ORD000017,CUST94658,01-30-2025,3,129.98
ORD000018,CUST00067,05-19-2026,1,406.52
ORD000019,CUST00255,14/02/2026,7,396.42
ORD000020,CUST00462,08-12-2026,10,156.16
ORD000021,CUST00102,11-22-2024,4,45.19
ORD000022,CUST00161,10/04/2026,8,237.61
ORD000023,CUST00290,11-11-2025,4,394.97
ORD000024,CUST00203,2025-01-07,3,414.18
ORD000025,CUST00315,2025-02-05,5,237.01
ORD000026,CUST00279,02-17-2026,2,445.26
ORD000027,CUST00027,21/07/2025,10,15.27
ORD000028,CUST00042,07-31-2025,9,458.46
ORD000029,CUST90003,11-17-2025,7,336.72
ORD000030,CUST90007,25/03/2025,7,277.3
ORD000031,CUST00332,29/04/2025,7,413340.0
ORD000032,CUST00474,11-25-2024,6,251.75
ORD000033,CUST00274,2025-06-15,8,244.93
ORD000034,CUST00246,01-31-2025,1,51.14
ORD000035,CUST00473,2025-05-23,3,359.72
ORD000036,CUST00495,06-26-2026,9,99.35
ORD000037,CUST00140,04-29-2026,7,394.92
ORD000038,CUST94891,2025-08-02,8,226.04
ORD000039,CUST00387,06-20-2026,4,123.21
ORD000040,CUST00421,09/08/2026,8,406.65
ORD000041,CUST00156,03-11-2025,9,169.34
ORD000042,CUST00103,07-04-2025,3,329.12
ORD000043,CUST00272,2025-11-23,2,426.91
ORD000044,CUST00325,2026-06-11,8,22.77
ORD000045,CUST00295,2026-08-03,7,381.38
ORD000046,CUST00171,2025-09-30,1,32.78
ORD000047,CUST00251,2025-06-26,3,44.09
ORD000048,CUST00247,2024-11-30,4,130.72
ORD000049,CUST97622,2026-04-22,3,472.89
ORD000050,CUST00435,07-18-2025,5,195.42
ORD000051,CUST00368,2025-01-21,5,415.87
ORD000052,CUST90803,2025-03-06,5,118.91
ORD000053,CUST00195,2025-02-12,3,452.18
ORD000054,CUST00452,06/06/2025,6,49.62
ORD000055,CUST00180,23/12/2024,9,186.1
ORD000056,CUST00169,25/04/2025,8,151.1
ORD000057,CUST00480,09-15-2024,4,363.49
ORD000058,CUST00375,24/01/2026,-7,270.6
ORD000059,CUST00269,2026-02-13,6,120.74
ORD000060,CUST00336,02-11-2025,2,234.81
ORD000061,CUST00120,27/10/2025,1,248.85
ORD000062,CUST00139,05-01-2025,9,372.42
ORD000063,CUST00102,2025-02-25,5,188.41
ORD000064,CUST00372,26/10/2024,6,489.03
ORD000065,CUST00195,2025-04-03,8,109.99
ORD000066,CUST00052,02-10-2025,3,106.58
ORD000067,CUST00222,02-13-2025,3,300.01
ORD000068,CUST00134,2025-10-23,2,17.76
ORD000069,CUST00244,02-13-2026,5,372.15
ORD000070,CUST00488,07-31-2026,10,254.4
ORD000071,CUST00309,2026-04-21,1,424.41
ORD000072,CUST00455,11/01/2026,2,78.43
ORD000073,CUST00333,2025-11-01,5,304.69
ORD000074,CUST00221,2025-12-24,7,229.48
ORD000075,CUST00438,01-19-2026,3,239.76
ORD000076,CUST00443,23/07/2025,6,280.4
ORD000077,CUST00338,04-25-2026,7,361.93
ORD000078,CUST00361,30/01/2025,9,330.08
ORD000079,CUST00377,14/10/2024,5,404.57
ORD000080,CUST00027,2025-09-04,5,140.27
ORD000081,CUST00360,12/10/2024,3,203.39
ORD000082,CUST00032,27/03/2025,9,212.82
ORD000083,CUST00333,2024-12-04,2,82.01
ORD000084,CUST00084,04/08/2025,7,223.81
ORD000085,CUST00117,11-21-2025,10,335.23
ORD000086,CUST00057,14/11/2025,5,384.84
ORD000087,CUST00123,27/02/2025,7,193.2
ORD000088,CUST00363,23/09/2024,1,232.58
ORD000089,CUST00440,2024-09-21,7,205.49
ORD000090,CUST00472,2026-04-03,2,57.4
ORD000091,CUST00081,11-02-2025,6,390.66
ORD000092,CUST90022,11/09/2024,6,479.32
ORD000093,CUST00106,11/08/2025,4,80.67
ORD000094,CUST90005,2024-12-12,10,462.46
ORD000095,CUST00331,2026-08-15,3,237.12
ORD000096,CUST00058,10-05-2024,8,33.16
ORD000097,CUST00093,2025-10-02,8,477.34
ORD000098,CUST00193,09-28-2025,3,228.01
ORD000099,CUST00087,05-12-2025,4,495.54
ORD000100,CUST00373,09-19-2024,7,341.05
ORD000101,CUST00343,17/08/2025,2,196.35
ORD000102,CUST00154,2026-05-07,3,158.56
ORD000103,CUST00133,2025-07-08,5,323.53
ORD000104,CUST00096,04-16-2025,-6,157.89
ORD000105,CUST00498,27/04/2025,3,151.42
ORD000106,CUST00039,2025-05-18,10,191.48
ORD000107,CUST00170,11-05-2024,6,122.58
ORD000108,CUST00460,28/03/2026,4,405.27
ORD000109,CUST00377,2025-09-03,8,144.48
ORD000110,CUST00166,2024-10-12,3,30.83
ORD000111,CUST00106,2025-04-14,2,382.74
ORD000112,CUST00151,08-28-2026,4,442.89
ORD000113,CUST00406,09-03-2025,2,18.95
ORD000114,CUST00344,12-20-2025,5,238.87
ORD000115,CUST00481,07-05-2026,-2,111.75
ORD000116,CUST00434,17/05/2026,5,65.31
ORD000117,CUST00469,25/07/2026,8,13.14
ORD000118,CUST00148,22/11/2024,1,124.08
ORD000119,CUST00088,02-18-2025,9,394.27
ORD000120,CUST97702,04/05/2026,7,130.56
ORD000121,CUST00354,18/12/2024,2,368.92
ORD000122,CUST00347,09-04-2026,8,241.87
ORD000123,CUST00469,30/05/2026,4,103.74
ORD000124,CUST00408,2026-02-19,5,325.22
ORD000125,CUST00049,02-20-2025,2,221.29
ORD000126,CUST00396,11-11-2024,8,399.66
ORD000127,CUST00435,19/02/2026,10,94.33
ORD000128,CUST00336,04-24-2026,10,87.49
ORD000129,CUST00362,04-27-2026,1,320.57
ORD000130,CUST00164,10-05-2025,10,221.9
ORD000131,CUST00376,2024-09-11,1,341.14
ORD000132,CUST00079,2026-01-24,7,142.95
ORD000133,CUST93048,10-16-2024,9,388.61
ORD000134,CUST00293,2026-06-15,4,427.15
ORD000135,CUST00456,2024-10-09,6,356.22
ORD000136,CUST00308,2024-10-13,3,256.83
ORD000137,CUST00143,18/04/2025,8,279.24
ORD000138,CUST00133,03-19-2025,5,359.88
ORD000139,CUST00420,01-23-2026,6,227.74
ORD000140,CUST00187,04-09-2026,9,32.43
ORD000141,CUST00169,12/06/2025,4,470.75
ORD000142,CUST00257,31/01/2026,9,314.39
ORD000143,CUST00173,2026-07-16,3,361.71
ORD000144,CUST00043,11-08-2025,1,386.66
ORD000145,CUST00427,12-04-2024,9,478.54
ORD000146,CUST00416,29/04/2025,2,83.25
ORD000147,CUST00349,12-25-2024,6,431.08
ORD000148,CUST00380,11-08-2025,4,137.4
ORD000149,CUST00298,2026-05-22,7,433.33
ORD000150,CUST00321,24/06/2026,3,259.79
ORD000151,CUST00024,17/12/2025,7,483.51
ORD000152,CUST00052,09/01/2026,10,328.86
ORD000153,CUST00111,2025-09-24,6,186.14
ORD000154,CUST00200,03-02-2025,7,383.38
ORD000155,CUST00122,23/08/2025,2,398.47
ORD000156,CUST00148,01/09/2025,9,24.93
ORD000157,CUST00486,04-01-2025,9,466.03
ORD000158,CUST00307,2026-03-26,9,355.83
ORD000159,CUST00378,08-26-2025,7,399.39
ORD000160,CUST00028,11-14-2024,10,362.09
ORD000161,CUST00390,22/03/2026,4,474.36
ORD000162,CUST95139,02-10-2026,4,388.61
ORD000163,CUST00064,2025-05-24,9,332.8
ORD000164,CUST00178,2026-05-11,9,387.13
ORD000165,CUST00271,03-04-2025,4,152.76
ORD000166,CUST00296,2025-12-25,8,177.66
ORD000167,CUST00281,26/05/2026,10,192.95
ORD000168,CUST00150,29/01/2026,5,44.12
ORD000169,CUST00491,01/11/2024,9,283.2
ORD000170,CUST00246,04/09/2025,9,120.25
ORD000171,CUST00484,10/02/2025,-3,277.42
ORD000172,CUST00488,01-11-2026,5,324.72
ORD000173,CUST00238,2025-08-16,1,91.66
ORD000174,CUST00038,06-16-2025,8,375.76
ORD000175,CUST00039,30/08/2025,10,464.59
ORD000176,CUST90005,05-14-2025,9,100.44
ORD000177,CUST00470,2026-04-26,1,396.43
ORD000178,CUST00180,2026-03-18,7,260.06
ORD000179,CUST00190,09-18-2025,-4,194.87
ORD000180,CUST00338,2025-04-25,1,182.98
ORD000181,CUST00477,07-30-2026,9,444.46
ORD000182,CUST00303,02-07-2026,3,230.21
ORD000183,CUST00483,2025-12-31,4,341.77
ORD000184,CUST00458,05-20-2026,10,415.24
ORD000185,CUST00154,24/11/2024,9,341.75
ORD000186,CUST90022,12-12-2024,3,231.12
ORD000187,CUST00316,07-10-2026,1,291.26
ORD000188,CUST00066,06-16-2025,2,238.68
ORD000189,CUST00139,2025-08-04,7,446.21
ORD000190,CUST00387,2025-12-05,9,430.84
ORD000191,CUST00403,2025-02-03,4,379.31
ORD000192,CUST00435,2025-06-27,4,81.79
ORD000193,CUST00116,28/10/2024,7,468.44
ORD000194,CUST00069,14/07/2025,1,337.65
ORD000195,CUST00046,01-22-2026,4,389.15
ORD000196,CUST00240,2026-08-04,6,387.41
ORD000197,CUST00147,2025-11-03,7,35.17
ORD000198,CUST00180,11-21-2024,8,175.49
ORD000199,CUST00327,08-10-2025,5,378.44
ORD000200,CUST00308,11-25-2024,8,283.38
ORD000201,CUST00138,11-27-2024,6,461.5
ORD000202,CUST00196,20/09/2024,7,303.45
ORD000203,CUST00223,2025-08-10,6,454.95
ORD000204,CUST00121,2025-03-21,4,353.37
ORD000205,CUST00330,08-22-2025,9,157.67
ORD000206,CUST00478,01/10/2025,8,163.52
ORD000207,CUST00047,05-23-2025,-3,278.89
ORD000208,CUST00303,03/12/2024,6,287.05
ORD000209,CUST00346,15/10/2025,8,322.64
ORD000210,CUST00361,25/05/2025,9,458.87
ORD000211,CUST00061,2025-02-10,2,335.77
ORD000212,CUST00237,25/06/2025,-3,255.34
ORD000213,CUST00495,07-19-2025,9,10.87
ORD000214,CUST00294,09/05/2025,7,455.34
ORD000215,CUST00153,27/07/2025,10,408.53
ORD000216,CUST00383,06-05-2025,4,116.8
ORD000217,CUST00033,13/10/2024,7,240.62
ORD000218,CUST00085,06-14-2025,6,429.69
ORD000219,CUST00044,18/07/2026,10,28.05
ORD000220,CUST00034,27/01/2025,-6,107.54
ORD000221,CUST00408,01-24-2025,10,418.15
ORD000222,CUST00340,2025-01-15,2,487.29
ORD000223,CUST00078,2025-03-28,10,387.91
ORD000224,CUST00462,11-26-2025,7,341.45
ORD000225,CUST00303,2025-09-22,2,193.1
ORD000226,CUST00399,11-26-2024,1,225.14
ORD000227,CUST00090,14/10/2024,8,258.66
ORD000228,CUST00096,2025-03-08,-7,209.84
ORD000229,CUST00249,11-28-2024,7,138.11
ORD000230,CUST00172,12-01-2024,8,183.76
ORD000231,CUST90007,06-24-2026,2,8.35
ORD000232,CUST00390,11-02-2025,6,412.65
ORD000233,CUST00308,2025-03-01,4,92.93
ORD000234,CUST90002,2025-10-01,6,409.16
ORD000235,CUST00205,2025-03-28,9,364.97
ORD000236,CUST00299,06-15-2026,7,73.89
ORD000237,CUST00158,2026-02-01,2,300.98
ORD000238,CUST00429,2025-06-30,6,407.09
ORD000239,CUST00112,2025-06-22,6,308.28
ORD000240,CUST00410,02-15-2025,7,53.81
ORD000241,CUST00227,05-03-2026,10,79.62
ORD000242,CUST00303,2026-01-26,2,366.42
ORD000243,CUST00212,09-04-2025,2,349.9
ORD000244,CUST00118,11/01/2025,6,340.18
ORD000245,CUST00250,2025-02-03,6,479.44
ORD000246,CUST00189,17/12/2025,7,370.01
ORD000247,CUST00440,2026-02-05,4,353.36
ORD000248,CUST00192,04-06-2025,2,432.01
ORD000249,CUST00398,2024-09-10,6,231.64
ORD000250,CUST00305,2025-01-21,3,123.09
ORD000251,CUST00145,07-03-2026,3,214.4
ORD000252,CUST00178,12-06-2025,3,421.78
ORD000253,CUST00010,03-02-2026,7,255.19
ORD000254,CUST00426,05-24-2026,3,20.28
ORD000255,CUST00282,23/01/2026,5,231.37
ORD000256,CUST90023,10/01/2025,2,273.84
ORD000257,CUST00043,01-19-2026,4,55.7
ORD000258,CUST00305,01-07-2025,5,409.28
ORD000259,CUST00243,08/05/2025,10,431.22
ORD000260,CUST00143,2025-08-06,1,268.48
ORD000261,CUST00300,12/08/2026,5,259.64
ORD000262,CUST00139,2026-01-07,1,434.19
ORD000263,CUST00256,17/07/2025,6,381.93
ORD000264,CUST00276,09-23-2024,2,440.66
ORD000265,CUST00285,2026-08-21,8,167010.0
ORD000266,CUST00096,06-14-2026,6,398.86
ORD000267,CUST00217,01-10-2025,5,291.08
ORD000268,CUST00352,2026-03-17,1,393.03
ORD000269,CUST00162,09-15-2024,7,345.85
ORD000270,CUST00163,2025-05-23,2,128.94
ORD000271,CUST00170,20/08/2025,5,378.84
ORD000272,CUST00098,08/09/2024,8,298.87
ORD000273,CUST00009,2026-06-08,7,241.46
ORD000274,CUST00105,19/08/2025,6,72.88
ORD000275,CUST00137,2024-10-11,2,9.19
ORD000276,CUST00219,09-20-2024,7,223.98
ORD000277,CUST00144,2026-01-18,7,217.55
ORD000278,CUST00087,08/04/2025,10,305.76
ORD000279,CUST00309,21/02/2025,10,375.18
ORD000280,CUST00246,09-10-2025,8,40.15
ORD000281,CUST95916,03-13-2026,10,275.45
ORD000282,CUST00075,28/03/2026,-2,111.79
ORD000283,CUST00408,2024-11-20,9,214.67
ORD000284,CUST00157,18/04/2026,5,460.86
ORD000285,CUST00335,2025-05-11,2,221.56
ORD000286,CUST00251,01/09/2025,7,308.09
ORD000287,CUST00180,22/05/2025,3,86.1
ORD000288,CUST00266,11/10/2025,3,437.36
ORD000289,CUST00031,01-05-2026,9,357.6
ORD000290,CUST00467,03-12-2025,10,82.87
ORD000291,CUST00119,09/08/2025,-9,430.05
ORD000292,CUST00373,05-06-2026,1,457.4
ORD000293,CUST00330,16/04/2025,6,43.55
ORD000294,CUST00054,09/05/2025,9,477.27
ORD000295,CUST00290,09-21-2025,2,8.94
ORD000296,CUST00312,01-06-2026,6,249.21
ORD000297,CUST00252,02/06/2026,7,273.06
ORD000298,CUST00010,05-17-2026,7,364.97
ORD000299,CUST00244,2025-08-28,3,51.05
ORD000300,CUST00423,03-24-2025,2,255.19
ORD000301,CUST00064,2025-09-22,4,426.2
ORD000302,CUST00335,12-19-2025,2,72.38
ORD000303,CUST00109,25/12/2024,8,64.76
ORD000304,CUST00463,07-04-2025,2,404.76
ORD000305,CUST00042,16/02/2025,6,357.02
ORD000306,CUST00051,09-04-2026,3,205.17
ORD000307,CUST00256,27/05/2025,2,74.2
ORD000308,CUST00228,30/09/2024,7,317.0
ORD000309,CUST00266,11-04-2025,2,324.76
ORD000310,CUST00340,29/01/2026,8,462.45
ORD000311,CUST90008,19/07/2025,7,111.28
ORD000312,CUST00153,05/02/2025,10,325.4
ORD000313,CUST00491,12/11/2024,5,212.52
ORD000314,CUST00256,2026-07-12,1,392.05
ORD000315,CUST00497,2025-06-11,6,94.01
ORD000316,CUST00288,25/11/2024,8,384.59
ORD000317,CUST00103,27/03/2025,4,409.06
ORD000318,CUST00225,2025-12-10,7,420.42
ORD000319,CUST00326,2025-10-11,10,351.78
ORD000320,CUST00193,2026-07-06,8,91.9
ORD000321,CUST00225,30/08/2026,-8,459.36
ORD000322,CUST00182,2026-06-10,6,78.12
ORD000323,CUST00114,2025-01-13,2,471.25
ORD000324,CUST00310,2026-07-05,7,480.53
ORD000325,CUST00366,21/05/2025,10,192.3
ORD000326,CUST00182,2025-05-08,10,497.17
ORD000327,CUST00326,2025-11-12,4,56.53
ORD000328,CUST00080,30/07/2026,6,443.23
ORD000329,CUST00344,03-28-2025,4,178.49
ORD000330,CUST00050,2025-01-25,3,249.08
ORD000331,CUST00104,2025-11-05,10,345.14
ORD000332,CUST00035,03/02/2026,6,56.84
ORD000333,CUST00165,2026-05-10,2,492.71
ORD000334,CUST00442,12-06-2024,7,55.12
ORD000335,CUST00272,04-12-2026,2,288.03
ORD000336,CUST00370,27/10/2025,2,332.7
ORD000337,CUST00027,10/04/2026,5,239.42
ORD000338,CUST00483,2025-05-19,2,196.83
ORD000339,CUST00192,11-27-2024,8,419.35
ORD000340,CUST00100,14/09/2024,6,209.92
ORD000341,CUST00063,2026-07-17,7,345.1
ORD000342,CUST00242,12-24-2024,1,450.73
ORD000343,CUST00151,18/01/2026,8,492.26
ORD000344,CUST00130,25/09/2025,2,220.52
ORD000345,CUST00265,2025-04-07,2,280.4
ORD000346,CUST00470,10-21-2025,10,391.93
ORD000347,CUST00103,2025-01-04,2,434.4
ORD000348,CUST00271,08-29-2025,10,90.24
ORD000349,CUST00412,25/10/2024,6,29.4
ORD000350,CUST00382,11/04/2025,5,422.21
ORD000351,CUST00234,05/08/2025,8,163.83
ORD000352,CUST00092,13/02/2025,4,206.55
ORD000353,CUST00383,2026-05-04,3,356.24
ORD000354,CUST00030,07/12/2024,4,128.5
ORD000355,CUST00204,30/08/2025,8,319.53
ORD000356,CUST00382,09-11-2024,8,178.13
ORD000357,CUST00093,23/05/2025,7,427.64
ORD000358,CUST00227,2026-05-10,5,259.07
ORD000359,CUST00010,10-14-2024,3,9.19
ORD000360,CUST00313,2024-12-17,5,191.36
ORD000361,CUST00478,2026-06-12,10,55.64
ORD000362,CUST00384,2026-04-05,5,58.51
ORD000363,CUST00333,09-09-2025,5,261.06
ORD000364,CUST00414,2026-08-09,1,498.75
ORD000365,CUST00398,2025-10-22,10,174.87
ORD000366,CUST00488,2026-08-06,9,89.14
ORD000367,CUST00301,11/02/2026,3,363.97
ORD000368,CUST00344,12-21-2024,4,157.01
ORD000369,CUST00267,02-25-2026,2,433.86
ORD000370,CUST00073,07-20-2025,2,193.93
ORD000371,CUST00155,11/07/2026,4,493.66
ORD000372,CUST00147,2025-04-08,2,317.36
ORD000373,CUST00005,10-01-2024,3,83.43
ORD000374,CUST00133,2026-07-21,7,241310.0
ORD000375,CUST00383,2025-03-08,9,339.99
ORD000376,CUST00353,01-16-2026,9,87.67
ORD000377,CUST00298,2025-06-17,9,444.55
ORD000378,CUST90001,06-26-2025,-7,116.04
ORD000379,CUST00023,06-30-2026,6,397.1
ORD000380,CUST00050,06-22-2026,2,14.77
ORD000381,CUST00390,12/07/2026,5,80.8
ORD000382,CUST00309,11-18-2025,9,304.79
ORD000383,CUST00108,2025-01-12,5,57.6
ORD000384,CUST00270,2025-07-23,6,151.2
ORD000385,CUST00213,06-10-2026,-4,337.46
ORD000386,CUST90005,19/04/2026,2,42.15
ORD000387,CUST00237,2024-12-18,5,54.41
ORD000388,CUST00298,2026-03-23,7,52.02
ORD000389,CUST00142,03-09-2025,6,477.77
ORD000390,CUST00382,07-09-2025,7,230.99
ORD000391,CUST00490,2025-01-31,3,349.6
ORD000392,CUST00164,18/04/2025,10,286.63
ORD000393,CUST00368,2025-04-13,3,246.62
ORD000394,CUST00065,17/07/2026,-6,434.82
ORD000395,CUST00230,2025-08-11,6,345.68
ORD000396,CUST00255,2025-01-20,7,414.09
ORD000397,CUST00012,04-02-2026,8,435.36
ORD000398,CUST00247,05-10-2026,9,323.44
ORD000399,CUST00471,2024-11-17,2,226.3
ORD000400,CUST00019,27/09/2025,7,276.8
ORD000401,CUST00312,2026-01-28,8,184.85
ORD000402,CUST00466,2025-09-11,10,330.3
ORD000403,CUST00228,21/01/2026,6,482.39
ORD000404,CUST00109,27/05/2025,3,411.81
ORD000405,CUST00261,05-24-2025,7,413.15
ORD000406,CUST00425,15/08/2025,10,446.42
ORD000407,CUST90016,11/08/2026,-8,369.43
ORD000408,CUST00495,2025-08-11,3,90.96
ORD000409,CUST00330,07-07-2026,10,382.38
ORD000410,CUST00302,09-27-2024,7,443.79
ORD000411,CUST00322,2026-03-22,4,313.96
ORD000412,CUST00136,2024-11-11,3,348.68
ORD000413,CUST00361,2024-12-19,7,447.46
ORD000414,CUST00433,2026-07-02,1,31.27
ORD000415,CUST00165,2026-04-06,3,346.84
ORD000416,CUST00034,11-06-2025,10,371.05
ORD000417,CUST00399,07/06/2025,5,28.26
ORD000418,CUST00321,12-05-2025,5,435.08
ORD000419,CUST00231,2026-06-27,6,275.57
ORD000420,CUST00199,11/06/2026,3,41.86
ORD000421,CUST00123,10-17-2024,9,84.66
ORD000422,CUST97640,05-18-2026,3,300.46
ORD000423,CUST00309,2024-12-09,6,355.3
ORD000424,CUST00070,01-10-2026,9,50.51
ORD000425,CUST00340,08-12-2025,10,498.33
ORD000426,CUST00010,19/03/2026,6,452.73
ORD000427,CUST00041,09-21-2025,2,272.42
ORD000428,CUST00384,2026-05-14,8,449.65
ORD000429,CUST00099,08/11/2024,9,315.33
ORD000430,CUST00219,03-24-2025,2,415.23
ORD000431,CUST00446,2026-08-29,3,359.85
ORD000432,CUST00183,2024-11-25,10,455.94
ORD000433,CUST00415,11-16-2025,2,322.5
ORD000434,CUST00047,05-01-2026,9,394.51
ORD000435,CUST00449,2025-10-26,1,269.07
ORD000436,CUST00303,01-25-2026,6,10.52
ORD000437,CUST00043,01/06/2026,10,276.03
ORD000438,CUST00353,05/12/2024,9,96.08
ORD000439,CUST00118,09/11/2025,10,426.44
ORD000440,CUST00473,09-16-2025,2,102.72
ORD000441,CUST00366,14/02/2026,4,311.66
ORD000442,CUST00462,2026-02-02,10,285.6
ORD000443,CUST00173,20/09/2025,4,357.54
ORD000444,CUST00369,23/10/2025,6,234.11
ORD000445,CUST00112,16/08/2026,10,143.9
ORD000446,CUST00202,16/12/2024,2,446.59
ORD000447,CUST00415,06-24-2026,1,274.02
ORD000448,CUST00153,12-19-2025,10,149.04
ORD000449,CUST00407,12-30-2024,4,404.24
ORD000450,CUST00144,12-11-2025,10,484.03
ORD000451,CUST00368,15/02/2026,8,135.86
ORD000452,CUST00370,2026-07-24,1,326.02
ORD000453,CUST00281,04-19-2026,9,191.45
ORD000454,CUST00080,12-07-2025,4,179.68
ORD000455,CUST00494,02-01-2025,3,118.85
ORD000456,CUST00154,27/10/2024,6,409.39
ORD000457,CUST00339,12-28-2024,8,297.44
ORD000458,CUST00250,13/06/2026,10,71.69
ORD000459,CUST00151,22/09/2025,5,260.74
ORD000460,CUST00020,2025-03-07,5,112.21
ORD000461,CUST00494,22/11/2024,7,398.33
ORD000462,CUST90023,26/09/2024,6,300.28
ORD000463,CUST00136,12/09/2025,4,455.12
ORD000464,CUST00099,20/06/2025,10,439.49
ORD000465,CUST00096,07-16-2026,10,5.59
ORD000466,CUST00442,04-15-2025,1,217.33
ORD000467,CUST00391,2025-08-27,10,71.27
ORD000468,CUST00086,20/01/2025,9,98.57
ORD000469,CUST00121,02-26-2025,4,161.37
ORD000470,CUST00260,20/05/2026,9,185.99
ORD000471,CUST00209,2025-03-17,8,281.75
ORD000472,CUST00353,11-29-2025,3,331.35
ORD000473,CUST00166,26/07/2025,9,172.53
ORD000474,CUST00054,02/01/2026,1,412.51
ORD000475,CUST00091,07/12/2024,4,306.47
ORD000476,CUST00411,2024-12-23,10,387.94
ORD000477,CUST00011,23/09/2024,9,21.64
ORD000478,CUST00238,2024-12-20,6,5.14
ORD000479,CUST00410,03-06-2026,10,12.61
ORD000480,CUST00292,2025-03-02,10,481.83
ORD000481,CUST00200,09-16-2025,1,206.53
ORD000482,CUST00302,02-01-2026,9,438.68
ORD000483,CUST00454,2025-02-01,4,480.81
ORD000484,CUST00029,08-25-2025,7,497.13
ORD000485,CUST00324,04-07-2025,-9,416.93
ORD000486,CUST00351,20/11/2024,3,180.0
ORD000487,CUST00195,11-12-2025,4,107.36
ORD000488,CUST00365,03/06/2025,2,43.85
ORD000489,CUST00007,2025-03-28,1,188.74
ORD000490,CUST00282,2025-06-17,9,114.94
ORD000491,CUST00434,2026-04-15,9,430.9
ORD000492,CUST00124,08-13-2025,-1,109.32
ORD000493,CUST00266,25/04/2026,5,238.32
ORD000494,CUST90010,12-25-2024,6,203.29
ORD000495,CUST00235,2025-04-03,4,428.87
ORD000496,CUST00154,12-04-2024,7,497.8
ORD000497,CUST00324,06-19-2025,9,28.62
ORD000498,CUST00221,11-06-2025,2,170.65
ORD000499,CUST00264,10-02-2024,6,481.74
ORD000500,CUST00179,12-27-2025,6,246.31
ORD000501,CUST00391,01-01-2026,3,322.09
ORD000502,CUST00415,07-29-2025,3,160.17
ORD000503,CUST00405,03/07/2026,8,469.69
ORD000504,CUST00462,05-25-2025,1,121.14
ORD000505,CUST00082,18/12/2024,7,36.58
ORD000506,CUST00027,2026-06-15,2,310.96
ORD000507,CUST00400,08-09-2025,5,67.57
ORD000508,CUST00036,2024-09-14,6,236.26
ORD000509,CUST00456,01/01/2025,9,300.8
ORD000510,CUST00446,2025-09-08,5,243.42
ORD000511,CUST00316,05-30-2026,-5,264.04
ORD000512,CUST00294,02-09-2025,8,241150.0
ORD000513,CUST00300,2026-06-29,9,208.81
ORD000514,CUST00168,2025-09-26,7,44.21
ORD000515,CUST00279,18/09/2025,9,209.39
ORD000516,CUST00297,13/01/2025,8,139.71
ORD000517,CUST00020,27/12/2024,9,486.3
ORD000518,CUST00449,12-31-2025,-3,112.51
ORD000519,CUST90010,10-24-2025,1,422.56
ORD000520,CUST00402,09/08/2025,8,448.37
ORD000521,CUST00013,28/05/2026,4,487.61
ORD000522,CUST00204,2024-12-19,9,108.18
ORD000523,CUST00331,04/04/2026,1,277.04
ORD000524,CUST00306,02/01/2026,1,112.81
ORD000525,CUST00333,15/07/2026,5,200.93
ORD000526,CUST00487,10-27-2024,2,252.46
ORD000527,CUST00062,14/05/2026,3,396.78
ORD000528,CUST00356,08-27-2025,4,192.0
ORD000529,CUST00041,08-12-2026,5,247.6
ORD000530,CUST00332,11-24-2025,10,279.49
ORD000531,CUST00303,2025-01-17,-8,320.82
ORD000532,CUST00020,02-07-2026,10,361.9
ORD000533,CUST00397,13/09/2025,8,81.3
ORD000534,CUST00330,02/01/2026,9,26.67
ORD000535,CUST00033,16/03/2025,8,20.75
ORD000536,CUST90001,2026-01-31,5,114.26
ORD000537,CUST93419,2025-11-12,2,321.26
ORD000538,CUST00426,2025-11-06,1,136.58
ORD000539,CUST00312,09/11/2025,4,53.07
ORD000540,CUST00195,07/05/2026,4,474.01
ORD000541,CUST00109,2024-10-27,8,216.4
ORD000542,CUST00412,2024-09-29,9,224.29
ORD000543,CUST00333,02-25-2026,7,165.11
ORD000544,CUST00385,2025-02-24,5,228.94
ORD000545,CUST90567,2026-01-07,9,445710.0
ORD000546,CUST00220,09-08-2025,5,258.08
ORD000547,CUST00097,17/01/2026,6,136.17
ORD000548,CUST00263,05-02-2025,7,112.63
ORD000549,CUST00495,24/02/2025,10,52.21
ORD000550,CUST00391,26/03/2026,1,170.52
ORD000551,CUST00124,07-10-2026,10,318.77
ORD000552,CUST00043,2026-04-12,6,114.29
ORD000553,CUST00403,2024-11-24,10,114.93
ORD000554,CUST00136,06-13-2026,1,134.97
ORD000555,CUST00134,02-22-2026,4,327.86
ORD000556,CUST00253,15/06/2025,5,165.09
ORD000557,CUST00424,08-20-2026,6,329.43
ORD000558,CUST00359,2026-07-14,8,223.03
ORD000559,CUST00383,23/10/2024,2,32.0
ORD000560,CUST00295,10/03/2025,2,238.24
ORD000561,CUST00217,05/10/2024,9,276.66
ORD000562,CUST00019,2026-03-10,9,89.31
ORD000563,CUST00278,27/07/2025,1,331.88
ORD000564,CUST00369,06-08-2025,7,193.45
ORD000565,CUST00324,2025-12-13,2,252.82
ORD000566,CUST00023,29/09/2024,9,247.52
ORD000567,CUST95765,01-13-2025,9,35.69
ORD000568,CUST00031,2024-11-25,4,449.1
ORD000569,CUST00392,2025-08-02,4,288.58
ORD000570,CUST00338,12-14-2024,3,343.6
ORD000571,CUST00139,2025-12-17,3,284.6
ORD000572,CUST00122,19/10/2025,3,383.89
ORD000573,CUST00422,2025-01-29,5,98.03
ORD000574,CUST94372,2025-09-01,10,345.25
ORD000575,CUST00489,17/01/2026,10,326.54
ORD000576,CUST00486,19/02/2025,4,207.25
ORD000577,CUST00423,04/03/2026,4,37.74
ORD000578,CUST90001,2025-07-22,4,389.23
ORD000579,CUST00321,2025-09-29,10,264.99
ORD000580,CUST00112,2026-04-08,1,126.63
ORD000581,CUST00041,2024-11-09,1,222.58
ORD000582,CUST00293,09-25-2024,10,346.53
ORD000583,CUST00463,10/08/2026,9,390.47
ORD000584,CUST00139,11-17-2024,1,297.21
ORD000585,CUST00466,02/10/2024,6,454.05
ORD000586,CUST00127,19/12/2024,8,47.23
ORD000587,CUST90023,09-11-2024,9,385.29
ORD000588,CUST00154,28/03/2026,3,357.46
ORD000589,CUST00457,28/10/2025,3,70.13
ORD000590,CUST00260,01/06/2026,8,274030.0
ORD000591,CUST00244,15/05/2025,8,223.73
ORD000592,CUST98967,19/01/2026,9,107.78
ORD000593,CUST00358,09/08/2026,1,419.82
ORD000594,CUST00051,22/02/2026,3,145.77
ORD000595,CUST00182,2025-09-29,6,51.1
ORD000596,CUST00389,2025-01-24,9,238.05
ORD000597,CUST00338,2025-02-06,4,59.1
ORD000598,CUST00090,2026-05-05,5,424.66
ORD000599,CUST00363,2025-09-09,8,317.77
ORD000600,CUST00239,2025-05-26,1,235.12
ORD000601,CUST00213,2026-06-27,7,178.08
ORD000602,CUST00207,05-24-2026,2,255.81
ORD000603,CUST95460,2026-04-16,10,416.86
ORD000604,CUST00491,2025-07-25,3,315.46
ORD000605,CUST00344,2025-12-09,1,153.18
ORD000606,CUST00020,08/06/2026,6,444.57
ORD000607,CUST00288,10-29-2025,7,421.99
ORD000608,CUST00120,2024-12-09,6,139.39
ORD000609,CUST00381,2025-09-21,4,91.63
ORD000610,CUST00207,11-20-2024,1,452.95
ORD000611,CUST00496,2025-09-07,6,436.54
ORD000612,CUST00136,15/10/2024,1,358.27
ORD000613,CUST90721,2025-10-08,2,445.15
ORD000614,CUST00320,24/09/2024,5,108.87
ORD000615,CUST00327,2026-05-01,5,140.45
ORD000616,CUST00105,07/04/2025,6,139.17
ORD000617,CUST00251,06/05/2026,5,172.68
ORD000618,CUST00483,06-20-2025,7,216.1
ORD000619,CUST00457,05-27-2025,4,337.08
ORD000620,CUST00477,06-07-2026,8,158.64
ORD000621,CUST00482,01/01/2025,4,448.37
ORD000622,CUST00188,2025-04-06,6,19.98
ORD000623,CUST00473,10-03-2025,6,68.06
ORD000624,CUST00110,2025-03-03,5,203.4
ORD000625,CUST00163,09-21-2025,6,348.56
ORD000626,CUST00351,11-28-2025,2,357.39
ORD000627,CUST00475,04-24-2025,8,478.16
ORD000628,CUST00389,2025-12-04,1,409.43
ORD000629,CUST00001,2025-10-12,8,198.04
ORD000630,CUST00325,21/06/2026,5,468.65
ORD000631,CUST00092,2025-11-08,9,68.14
ORD000632,CUST00055,24/07/2026,9,182.83
ORD000633,CUST00241,2026-08-28,6,205.99
ORD000634,CUST00178,12-29-2025,7,183.34
ORD000635,CUST00129,01/10/2024,2,76.28
ORD000636,CUST00140,13/07/2025,7,447.32
ORD000637,CUST00185,02-01-2025,8,116.74
ORD000638,CUST98161,06-19-2026,9,463.65
ORD000639,CUST00039,2024-10-21,2,481.06
ORD000640,CUST00287,02-04-2025,10,238.86
ORD000641,CUST00080,2026-04-28,10,31.12
ORD000642,CUST00481,2025-05-06,10,213.4
ORD000643,CUST00297,15/03/2026,10,364.85
ORD000644,CUST00485,2026-07-06,5,314.04
ORD000645,CUST90017,23/10/2024,5,309.82
ORD000646,CUST00115,2025-09-03,3,188.03
ORD000647,CUST00242,2026-04-19,1,46.78
ORD000648,CUST00158,2025-10-25,7,122.78
ORD000649,CUST00216,2025-11-27,1,378.96
ORD000650,CUST00409,05-11-2026,9,343.34
ORD000651,CUST00446,21/04/2026,8,161.27
ORD000652,CUST00100,2025-05-18,7,327.77
ORD000653,CUST00101,29/10/2024,10,387.71
ORD000654,CUST00200,2025-07-09,3,10240.0
ORD000655,CUST00422,02/03/2026,2,179.0
ORD000656,CUST00035,19/07/2026,2,299.1
ORD000657,CUST00125,06-18-2026,10,329.92
ORD000658,CUST00190,2025-08-23,5,331.94
ORD000659,CUST00284,2024-12-11,6,391.46
ORD000660,CUST00398,02-18-2026,5,39.35
ORD000661,CUST00403,23/11/2024,8,272.61
ORD000662,CUST00109,2025-09-06,2,39.85
ORD000663,CUST00020,02-19-2025,1,333.98
ORD000664,CUST00401,2025-05-22,8,204.94
ORD000665,CUST00072,08-23-2025,8,269.98
ORD000666,CUST00311,2026-04-02,2,427.4
ORD000667,CUST00297,06-10-2026,1,332.06
ORD000668,CUST00110,02-21-2025,2,221.8
ORD000669,CUST00026,2026-07-20,8,397.41
ORD000670,CUST00461,09-27-2024,6,394.95
ORD000671,CUST00470,2026-04-02,9,291.78
ORD000672,CUST00145,01-29-2025,10,352.14
ORD000673,CUST00052,2025-11-26,2,89.49
ORD000674,CUST00109,12/06/2025,10,114.18
ORD000675,CUST00412,2026-01-20,10,164.19
ORD000676,CUST00047,09-21-2024,2,379.99
ORD000677,CUST00169,2025-08-26,1,396.57
ORD000678,CUST00162,17/06/2025,8,8.58
ORD000679,CUST00291,2025-06-10,8,107.05
ORD000680,CUST00422,08/12/2024,3,23.62
ORD000681,CUST00091,2026-02-02,6,281.07
ORD000682,CUST00098,2025-10-14,9,234.79
ORD000683,CUST00055,01/12/2024,3,484.44
ORD000684,CUST00045,03/12/2024,6,220.16
ORD000685,CUST00465,02/12/2025,1,92.06
ORD000686,CUST00119,30/06/2026,4,298.39
ORD000687,CUST00334,23/05/2025,2,53.54
ORD000688,CUST00385,05-16-2025,10,445.79
ORD000689,CUST00466,11/07/2026,6,361.31
ORD000690,CUST00208,03-01-2025,10,72.57
ORD000691,CUST00176,11-14-2024,5,395.83
ORD000692,CUST00175,2024-09-15,4,429.2
ORD000693,CUST00485,07-06-2025,7,127.09
ORD000694,CUST00153,2026-03-12,7,24.83
ORD000695,CUST00035,04-21-2026,2,124.05
ORD000696,CUST96662,10-04-2025,5,499.48
ORD000697,CUST00166,2024-10-11,10,230.15
ORD000698,CUST00416,17/04/2026,6,353430.0
ORD000699,CUST00395,06-08-2026,1,377.68
ORD000700,CUST00213,03-09-2025,6,32.13
ORD000701,CUST00053,19/10/2024,6,25.23
ORD000702,CUST00069,2024-10-19,3,123.12
ORD000703,CUST00215,2025-07-25,6,137.34
ORD000704,CUST00065,04-02-2025,9,65.74
ORD000705,CUST00300,04-25-2025,2,442.57
ORD000706,CUST00184,22/11/2025,2,141.59
ORD000707,CUST00210,2026-06-20,5,342.79
ORD000708,CUST00431,2026-09-07,5,15.91
ORD000709,CUST00344,12-11-2024,6,334.6
ORD000710,CUST00469,06-25-2025,5,133.7
ORD000711,CUST00049,01/01/2026,5,87.35
ORD000712,CUST00293,31/12/2025,3,347.97
ORD000713,CUST00244,02/11/2024,6,223.24
ORD000714,CUST00036,2026-07-25,3,272.23
ORD000715,CUST00026,02-05-2025,3,464.27
ORD000716,CUST90019,2026-02-05,8,484.95
ORD000717,CUST00151,2026-04-25,8,60.6
ORD000718,CUST00120,06-26-2026,4,50.78
ORD000719,CUST00228,2026-05-28,4,271.51
ORD000720,CUST00090,07-29-2025,8,304.51
ORD000721,CUST00370,2025-04-17,7,189.55
ORD000722,CUST00457,06-03-2025,8,210.73
ORD000723,CUST00435,10-16-2025,10,76.1
ORD000724,CUST00344,05/06/2026,10,48.78
ORD000725,CUST00425,05/03/2025,8,378.85
ORD000726,CUST00391,22/06/2026,8,413.99
ORD000727,CUST00475,29/04/2025,1,153.58
ORD000728,CUST00128,2025-10-08,7,453.86
ORD000729,CUST94541,2024-11-23,10,292.63
ORD000730,CUST00488,2025-05-19,6,289.76
ORD000731,CUST00060,05/07/2025,8,72.07
ORD000732,CUST00430,2026-08-03,1,267.16
ORD000733,CUST00188,2025-08-29,3,436.86
ORD000734,CUST00309,04/11/2024,6,292.12
ORD000735,CUST98489,06/07/2026,8,460.85
ORD000736,CUST90015,16/05/2026,4,281.53
ORD000737,CUST00117,2025-09-23,2,462.09
ORD000738,CUST00372,18/04/2025,8,300.84
ORD000739,CUST00312,17/10/2025,2,429.12
ORD000740,CUST00129,06/12/2024,2,382.7
ORD000741,CUST97934,02-19-2026,2,331.6
ORD000742,CUST00260,06/04/2026,5,378.5
ORD000743,CUST00211,10-04-2024,6,77.05
ORD000744,CUST00357,2025-02-26,10,287.27
ORD000745,CUST00015,2025-07-26,5,378240.0
ORD000746,CUST00220,2026-03-20,8,296.74
ORD000747,CUST00186,2026-08-05,7,117.64
ORD000748,CUST00127,2024-09-23,8,353.84
ORD000749,CUST00336,05-12-2026,8,159.44
ORD000750,CUST00418,24/03/2025,7,39.46
ORD000751,CUST00377,12/11/2025,8,201.2
ORD000752,CUST00123,15/04/2025,7,488.9
ORD000753,CUST00173,14/08/2026,4,299.51
ORD000754,CUST00435,10-21-2024,10,379.37
ORD000755,CUST00365,2026-05-25,7,258.15
ORD000756,CUST00126,15/06/2025,8,471.49
ORD000757,CUST00070,09-21-2024,3,341.21
ORD000758,CUST00099,2025-06-14,9,397.4
ORD000759,CUST90002,2025-07-29,9,476.53
ORD000760,CUST00122,02-19-2025,7,22.81
ORD000761,CUST00311,06-12-2025,7,359.28
ORD000762,CUST90002,2026-01-03,10,283.32
ORD000763,CUST00270,2025-10-02,10,384.4
ORD000764,CUST00047,03/01/2026,6,372.32
ORD000765,CUST00350,09-30-2024,6,32.94
ORD000766,CUST00320,2026-03-19,2,61.66
ORD000767,CUST00039,2026-07-25,10,213.48
ORD000768,CUST00023,07-05-2026,7,53.37
ORD000769,CUST00211,2026-03-13,6,153.26
ORD000770,CUST00078,2025-05-11,5,152.17
ORD000771,CUST00095,2026-05-06,10,38.3
ORD000772,CUST00215,03-18-2025,5,153.45
ORD000773,CUST00425,2026-03-12,8,276.04
ORD000774,CUST00192,02-13-2025,8,320.77
ORD000775,CUST00445,2024-09-27,1,185.32
ORD000776,CUST00308,02-20-2026,2,423.75
ORD000777,CUST00165,06/12/2025,10,123.05
ORD000778,CUST95087,2026-06-02,7,453.3
ORD000779,CUST00030,03/04/2026,5,92.11
ORD000780,CUST00498,07-18-2026,2,152.5
ORD000781,CUST00373,2026-03-12,7,363.5
ORD000782,CUST90012,2026-04-21,10,466.12
ORD000783,CUST00244,2025-10-17,6,294.24
ORD000784,CUST00242,08-05-2026,2,485.11
ORD000785,CUST00058,07-21-2026,2,214.77
ORD000786,CUST00149,2025-04-06,5,483.57
ORD000787,CUST00056,2026-09-02,4,195.42
ORD000788,CUST00125,10-03-2025,8,455.35
ORD000789,CUST00262,2025-07-14,4,430.41
ORD000790,CUST00325,2026-02-15,7,140.65
ORD000791,CUST90003,03-24-2026,6,439.0
ORD000792,CUST00268,03-17-2025,10,276.13
ORD000793,CUST00054,08-10-2026,8,72.37
ORD000794,CUST00322,08-15-2025,4,484.98
ORD000795,CUST00421,09-03-2026,8,71.09
ORD000796,CUST00336,03-01-2025,7,199.78
ORD000797,CUST00230,03/07/2026,1,325.32
ORD000798,CUST00474,01/04/2025,3,310.91
ORD000799,CUST00377,19/01/2026,10,360.7
ORD000800,CUST00465,03-27-2025,4,99.32
ORD000801,CUST00295,09-08-2026,7,302.04
ORD000802,CUST00194,03-25-2026,3,488.18
ORD000803,CUST00255,2025-04-12,8,237.1
ORD000804,CUST00408,2025-10-30,7,131.83
ORD000805,CUST00341,10-06-2024,6,469.96
ORD000806,CUST00047,27/03/2025,9,154.74
ORD000807,CUST00043,03-23-2025,9,172.89
ORD000808,CUST00444,10/03/2025,2,489.37
ORD000809,CUST00288,2025-12-29,5,135.29
ORD000810,CUST00321,03-26-2026,8,79.88
ORD000811,CUST00451,17/09/2024,3,95.65
ORD000812,CUST00479,2025-04-20,8,181.48
ORD000813,CUST90004,04/01/2026,3,51.32
ORD000814,CUST00173,2026-05-12,10,294.91
ORD000815,CUST00185,05-20-2026,8,444.25
ORD000816,CUST00125,2025-07-29,2,81.12
ORD000817,CUST00492,2024-09-20,10,168.07
ORD000818,CUST00464,2024-09-14,10,432.32
ORD000819,CUST00057,2024-10-05,10,202.43
ORD000820,CUST00409,28/05/2025,4,390.85
ORD000821,CUST00158,18/12/2025,8,369.27
ORD000822,CUST00135,10-19-2025,6,247.36
ORD000823,CUST00434,03/07/2025,7,308.86
ORD000824,CUST00042,2025-11-05,4,358.25
ORD000825,CUST00086,05/11/2024,7,401.76
ORD000826,CUST00308,2026-06-25,5,277.74
ORD000827,CUST90022,10-16-2025,10,180.95
ORD000828,CUST00017,05/08/2026,8,95.19
ORD000829,CUST00305,2025-07-26,8,136.21
ORD000830,CUST00192,15/03/2025,2,304.01
ORD000831,CUST00019,06/04/2026,-2,329.62
ORD000832,CUST00499,2025-03-16,10,338.53
ORD000833,CUST00310,04/09/2025,-3,60.4
ORD000834,CUST00028,21/02/2025,3,220.72
ORD000835,CUST00196,13/01/2025,8,213.83
ORD000836,CUST00456,06-06-2026,8,104.66
ORD000837,CUST00053,12-31-2025,7,425.07
ORD000838,CUST00298,25/02/2025,7,297.56
ORD000839,CUST00500,30/12/2025,1,213.89
ORD000840,CUST00428,01-20-2025,10,176.65
ORD000841,CUST94718,09-13-2025,8,113.75
ORD000842,CUST00480,26/07/2025,5,198.23
ORD000843,CUST00369,2025-04-27,3,144.82
ORD000844,CUST00133,17/10/2025,3,54.95
ORD000845,CUST00311,21/02/2025,9,13.97
ORD000846,CUST00163,04/08/2026,9,36.51
ORD000847,CUST00124,09-03-2026,6,385.84
ORD000848,CUST00155,2026-08-21,10,354.67
ORD000849,CUST00469,2024-09-19,2,306.78
ORD000850,CUST00043,05-18-2026,2,455.94
ORD000851,CUST00453,05-21-2026,2,185.05
ORD000852,CUST00207,10-08-2025,1,405.53
ORD000853,CUST00088,10/10/2024,7,334.17
ORD000854,CUST00432,02-26-2025,7,207.61
ORD000855,CUST00371,11-26-2024,1,261.09
ORD000856,CUST00412,09-13-2025,1,23.36
ORD000857,CUST00060,2024-11-29,9,212.56
ORD000858,CUST00312,11-03-2024,-6,143.49
ORD000859,CUST00414,02-04-2025,9,311.0
ORD000860,CUST00415,2025-10-29,2,170.57
ORD000861,CUST00130,2026-05-07,4,278.13
ORD000862,CUST00164,18/01/2026,9,124.46
ORD000863,CUST90017,30/10/2024,1,133.58
ORD000864,CUST00128,2025-07-16,1,491.56
ORD000865,CUST00240,04-02-2025,10,358.6
ORD000866,CUST00336,09-26-2024,6,77.54
ORD000867,CUST00095,25/11/2025,3,225.85
ORD000868,CUST00405,2025-05-29,7,346.06
ORD000869,CUST00427,08-21-2026,3,231.57
ORD000870,CUST00121,06-25-2026,1,472.31
ORD000871,CUST00419,08/06/2025,6,24.94
ORD000872,CUST00384,07-28-2026,3,296.86
ORD000873,CUST00291,10/04/2025,-8,276.03
ORD000874,CUST00493,2024-09-30,6,240.24
ORD000875,CUST00142,06-04-2025,8,78.75
ORD000876,CUST00420,2025-04-08,6,479.25
ORD000877,CUST00091,2024-12-26,10,386.94
ORD000878,CUST00088,14/11/2025,10,380.02
ORD000879,CUST00488,11-24-2024,9,14.39
ORD000880,CUST00455,09/02/2025,9,203.89
ORD000881,CUST00024,04-24-2025,1,162.1
ORD000882,CUST00102,02-13-2026,3,49.37
ORD000883,CUST00174,04/03/2026,6,358.08
ORD000884,CUST00146,04-03-2026,7,450.25
ORD000885,CUST00243,2026-02-11,7,138.3
ORD000886,CUST00068,07-27-2026,4,14.22
ORD000887,CUST00104,11/06/2025,9,67.16
ORD000888,CUST90012,07/11/2025,3,492.73
ORD000889,CUST00434,2026-01-01,-1,235.0
ORD000890,CUST00172,26/12/2024,8,129.19
ORD000891,CUST00218,2026-03-19,1,269.37
ORD000892,CUST00126,2025-12-26,5,109.37
ORD000893,CUST00351,2026-08-07,8,332.83
ORD000894,CUST00337,09/08/2026,3,6.01
ORD000895,CUST00178,2026-09-03,8,271.38
ORD000896,CUST00080,2025-10-26,8,179.73
ORD000897,CUST00367,2026-09-07,1,188.39
ORD000898,CUST90324,2025-12-12,6,409.06
ORD000899,CUST00227,26/02/2026,8,23.21
ORD000900,CUST00215,06/10/2025,7,142.29
ORD000901,CUST00199,2024-12-05,10,37.35
ORD000902,CUST00266,2026-06-12,9,140.79
ORD000903,CUST98731,2026-04-14,-8,216.42
ORD000904,CUST00331,2025-11-25,5,261.56
ORD000905,CUST00045,01-02-2026,5,268.54
ORD000906,CUST00343,23/09/2025,10,495.18
ORD000907,CUST00077,04-27-2025,6,314.87
ORD000908,CUST00025,2025-01-28,6,127.34
ORD000909,CUST00056,2025-11-02,4,389.0
ORD000910,CUST00458,07-05-2026,1,191.81
ORD000911,CUST00131,06/05/2025,8,307.32
ORD000912,CUST00058,04-15-2026,7,310.56
ORD000913,CUST00011,08-23-2026,7,311.52
ORD000914,CUST00027,02-23-2025,4,11.08
ORD000915,CUST00199,04-26-2025,9,213.4
ORD000916,CUST00249,19/08/2026,1,159.28
ORD000917,CUST00367,2026-01-27,3,157.79
ORD000918,CUST00009,2025-07-30,3,256.02
ORD000919,CUST00433,2026-08-09,4,174.07
ORD000920,CUST00479,07-04-2025,10,171.15
ORD000921,CUST00108,2024-11-05,1,460.38
ORD000922,CUST00478,10-22-2025,6,191.08
ORD000923,CUST00007,11-02-2024,1,75.49
ORD000924,CUST00369,30/05/2025,1,145.63
ORD000925,CUST00179,2025-08-27,3,92.16
ORD000926,CUST00141,2025-02-23,2,109.07
ORD000927,CUST00382,2026-04-05,10,439.8
ORD000928,CUST00134,02-22-2025,7,162.39
ORD000929,CUST00048,2026-05-06,9,78.54
ORD000930,CUST00287,2026-08-30,10,108.57
ORD000931,CUST00067,16/07/2026,7,324.31
ORD000932,CUST00476,06/03/2025,6,244.23
ORD000933,CUST00411,2026-07-04,1,447.97
ORD000934,CUST00224,2026-01-13,10,422.0
ORD000935,CUST00087,07/01/2026,9,294.06
ORD000936,CUST00437,11-24-2025,6,161.93
ORD000937,CUST00240,12/04/2026,2,45.8
ORD000938,CUST00081,2025-05-15,2,183.32
ORD000939,CUST00338,03/12/2024,5,304.0
ORD000940,CUST00268,03/07/2025,5,176.58
ORD000941,CUST00013,2025-09-12,3,117.65
ORD000942,CUST00240,2024-12-25,8,233.39
ORD000943,CUST00193,2025-09-04,7,227.74
ORD000944,CUST00132,2026-06-14,8,417.98
ORD000945,CUST00414,2025-01-30,5,16.5
ORD000946,CUST00158,2025-01-17,10,303.49
ORD000947,CUST00391,05/08/2025,7,196.28
ORD000948,CUST00463,01-07-2025,3,278.69
ORD000949,CUST90000,11/07/2025,4,481.68
ORD000950,CUST00072,03-21-2026,1,430.56
ORD000951,CUST00114,10/02/2026,7,39.04
ORD000952,CUST00134,08-17-2025,8,289.67
ORD000953,CUST00470,20/11/2024,1,225.64
ORD000954,CUST00253,2026-06-05,8,290.19
ORD000955,CUST00468,2026-05-10,5,412.6
ORD000956,CUST00184,2024-09-25,8,331.24
ORD000957,CUST00045,08/01/2025,3,315.9
ORD000958,CUST00223,10-31-2024,9,187.52
ORD000959,CUST00334,09-19-2025,4,233.77
ORD000960,CUST00473,2025-09-29,4,10.31
ORD000961,CUST00335,06-18-2025,8,276.47
ORD000962,CUST00144,07-13-2025,3,13.94
ORD000963,CUST00401,10/12/2024,1,80.98
ORD000964,CUST00036,2026-01-30,8,419.07
ORD000965,CUST00106,03-03-2025,1,29.09
ORD000966,CUST00256,04-10-2025,-2,18.83
ORD000967,CUST00065,12/05/2025,2,416.07
ORD000968,CUST00426,2026-05-03,6,98.83
ORD000969,CUST00439,12/05/2025,4,165.07
ORD000970,CUST00013,11-27-2025,2,142.84
ORD000971,CUST00224,2024-11-25,8,55.4
ORD000972,CUST00176,17/02/2026,2,490.8
ORD000973,CUST00137,2024-10-31,6,334.85
ORD000974,CUST99585,2026-07-13,4,353.79
ORD000975,CUST92032,2026-08-03,4,34.66
ORD000976,CUST00156,2026-07-05,4,301.05
ORD000977,CUST00337,13/12/2025,6,381.44
ORD000978,CUST00296,03-03-2026,6,106.88
ORD000979,CUST00255,2025-07-23,4,193.84
ORD000980,CUST00007,15/03/2026,8,100.27
ORD000981,CUST00210,01/02/2026,3,416.45
ORD000982,CUST00081,02-26-2026,3,126.24
ORD000983,CUST00293,2026-02-19,4,391.74
ORD000984,CUST00408,11-12-2025,7,368.79
ORD000985,CUST00494,30/04/2026,7,46.2
ORD000986,CUST00157,09-15-2025,7,229.53
ORD000987,CUST00074,2024-12-28,4,98.86
ORD000988,CUST00384,2024-09-13,7,189.71
ORD000989,CUST00073,11-15-2025,2,284.98
ORD000990,CUST00262,2026-01-13,6,246.87
ORD000991,CUST00395,2025-08-05,4,461.13
ORD000992,CUST00029,2025-04-30,5,472.41
ORD000993,CUST00166,15/01/2025,2,458.86
ORD000994,CUST00083,02-18-2026,7,216.3
ORD000995,CUST00392,2025-03-31,2,288.44
ORD000996,CUST00276,2026-03-27,7,8.18
ORD000997,CUST00100,24/02/2025,7,328.99
ORD000998,CUST00384,03/09/2025,3,95.08
ORD000999,CUST00218,13/10/2024,1,405.54
ORD001000,CUST00419,2025-09-21,2,87.23
ORD001001,CUST00284,26/09/2025,1,241.56
ORD001002,CUST00063,14/09/2025,1,395.66
ORD001003,CUST00008,2026-07-18,5,239.25
ORD001004,CUST00380,04-04-2025,6,470.79
ORD001005,CUST00059,2025-06-15,-2,435.92
ORD001006,CUST00143,15/03/2026,2,143.34
ORD001007,CUST00378,2026-08-06,8,331810.0
ORD001008,CUST00330,08/10/2024,6,484.95
ORD001009,CUST00240,07-30-2026,10,177.43
ORD001010,CUST00488,2026-06-15,2,150.46
ORD001011,CUST90016,24/02/2026,8,154.17
ORD001012,CUST00479,19/07/2025,8,243.67
ORD001013,CUST00175,2025-03-30,2,496.71
ORD001014,CUST00335,2026-06-12,4,334.64
ORD001015,CUST00140,2025-04-25,8,347.43
ORD001016,CUST00067,05-19-2025,7,393.62
ORD001017,CUST00239,07/01/2025,2,60.13
ORD001018,CUST00193,04-06-2025,6,160.12
ORD001019,CUST00319,29/08/2025,9,197.13
ORD001020,CUST00130,2025-02-18,4,9.55
ORD001021,CUST00304,01-09-2025,8,145.28
ORD001022,CUST00036,07-26-2026,2,424.6
ORD001023,CUST00221,2025-03-16,7,406.05
ORD001024,CUST00231,11-25-2025,3,365.06
ORD001025,CUST00164,2024-11-24,6,239.34
ORD001026,CUST00074,02-24-2025,4,276.26
ORD001027,CUST00056,2025-03-30,8,290.69
ORD001028,CUST00149,17/11/2024,4,9.52
ORD001029,CUST00152,2025-10-16,3,52.54
ORD001030,CUST00054,14/09/2025,9,298.73
ORD001031,CUST00414,09/01/2025,2,246.87
ORD001032,CUST00385,2025-11-19,2,433.12
ORD001033,CUST00456,10-07-2024,2,322.5
ORD001034,CUST00492,21/06/2026,2,94.64
ORD001035,CUST00445,06/10/2025,3,36.43
ORD001036,CUST00190,2025-01-28,7,270.53
ORD001037,CUST00128,08-30-2025,2,301.56
ORD001038,CUST00322,02/05/2026,3,328.06
ORD001039,CUST00036,05/06/2025,2,184.96
ORD001040,CUST00001,02/04/2025,1,262.12
ORD001041,CUST00456,01/08/2026,8,263.72
ORD001042,CUST90022,16/07/2025,2,27.14
ORD001043,CUST00221,2025-07-30,4,142.31
ORD001044,CUST00262,09/12/2024,3,46.21
ORD001045,CUST00147,08-05-2025,5,349.92
ORD001046,CUST90023,07-11-2026,3,394.95
ORD001047,CUST00254,13/02/2026,2,343.57
ORD001048,CUST00092,07-11-2026,5,400.06
ORD001049,CUST00228,12-04-2024,2,365.52
ORD001050,CUST90001,19/06/2026,6,433.37
ORD001051,CUST00050,03/09/2025,7,404.01
ORD001052,CUST00413,11-10-2024,1,358.05
ORD001053,CUST00274,17/12/2024,6,128.31
ORD001054,CUST00188,03-30-2025,8,141.53
ORD001055,CUST00235,2026-01-09,5,159.8
ORD001056,CUST00246,08-16-2026,1,146.5
ORD001057,CUST00011,04-18-2026,9,72.53
ORD001058,CUST00128,2026-03-06,1,352.78
ORD001059,CUST00044,2025-02-17,9,91.53
ORD001060,CUST00362,11-01-2024,7,485.02
ORD001061,CUST00121,31/12/2024,8,110.47
ORD001062,CUST00223,2025-05-11,9,22.54
ORD001063,CUST00500,05/08/2025,1,167.63
ORD001064,CUST93050,02-27-2026,7,46.95
ORD001065,CUST00127,01-12-2026,5,200.7
ORD001066,CUST00187,11-01-2024,8,222.48
ORD001067,CUST00006,2026-01-23,4,146.03
ORD001068,CUST00340,06-22-2026,4,480.05
ORD001069,CUST90000,2024-10-06,3,383.37
ORD001070,CUST00399,20/11/2024,2,67.43
ORD001071,CUST93874,05/02/2026,6,300560.0
ORD001072,CUST00289,2025-09-24,4,365.98
ORD001073,CUST00118,2025-01-25,4,217.43
ORD001074,CUST00106,2025-10-21,3,428.16
ORD001075,CUST00124,13/05/2026,1,100.13
ORD001076,CUST93270,09/12/2025,1,264.86
ORD001077,CUST00228,08-02-2026,9,30.57
ORD001078,CUST00360,12-10-2025,1,5.27
ORD001079,CUST00293,2025-03-06,2,129.87
ORD001080,CUST00115,10/11/2025,1,386.38
ORD001081,CUST00371,2026-06-07,10,326.87
ORD001082,CUST00109,15/02/2025,10,295.35
ORD001083,CUST00196,29/01/2025,8,42.07
ORD001084,CUST00486,08-17-2025,3,99.89
ORD001085,CUST00356,08-28-2025,2,38.52
ORD001086,CUST90015,01-22-2025,5,68.82
ORD001087,CUST00195,09-06-2025,9,485.91
ORD001088,CUST00394,12-13-2024,10,96.11
ORD001089,CUST00010,2025-12-16,8,361.69
ORD001090,CUST00304,2024-11-11,3,269.12
ORD001091,CUST00285,09-20-2025,1,128.26
ORD001092,CUST00002,2026-02-18,6,473.48
ORD001093,CUST00137,2025-02-11,6,314.85
ORD001094,CUST00287,22/07/2025,1,489.49
ORD001095,CUST00109,2025-09-01,5,318.98
ORD001096,CUST00226,11-28-2025,7,119.7
ORD001097,CUST00491,09/02/2026,3,408.72
ORD001098,CUST00185,10-06-2024,3,409.66
ORD001099,CUST00147,23/01/2026,4,324.33
ORD001100,CUST00141,2025-11-30,10,195.08
ORD001101,CUST90716,13/12/2025,2,469.61
ORD001102,CUST00010,02-26-2025,6,47.06
ORD001103,CUST00455,05-20-2025,8,32.66
ORD001104,CUST00127,30/09/2025,1,151.89
ORD001105,CUST00146,06/08/2026,4,216.43
ORD001106,CUST00232,2026-06-11,2,495.43
ORD001107,CUST00289,2026-05-15,2,462.73
ORD001108,CUST00155,09/06/2026,9,94.78
ORD001109,CUST00309,01-09-2026,2,252.13
ORD001110,CUST00079,2025-09-01,3,77.56
ORD001111,CUST00490,12-12-2025,7,142.85
ORD001112,CUST00187,11-19-2025,8,348.24
ORD001113,CUST00342,10/10/2025,4,276.92
ORD001114,CUST00236,2025-04-11,7,389.41
ORD001115,CUST00090,15/02/2025,1,426.04
ORD001116,CUST00137,08-12-2026,6,425.42
ORD001117,CUST00472,25/06/2026,9,456.91
ORD001118,CUST00058,03-20-2026,3,18.04
ORD001119,CUST00109,07-11-2025,10,19.94
ORD001120,CUST00079,31/07/2025,7,95.3
ORD001121,CUST00307,2025-03-07,8,349.15
ORD001122,CUST00033,07-15-2025,-3,417.18
ORD001123,CUST00265,2025-01-14,4,82.62
ORD001124,CUST00129,08-08-2026,1,95.93
ORD001125,CUST00080,01-03-2026,6,205.52
ORD001126,CUST00381,05-20-2025,2,184.54
ORD001127,CUST00246,26/06/2025,9,109.9
ORD001128,CUST00193,2024-12-10,1,47.09
ORD001129,CUST00496,14/06/2026,6,157.76
ORD001130,CUST00408,05-15-2026,7,487.06
ORD001131,CUST00418,2026-06-01,9,79.34
ORD001132,CUST00039,21/11/2025,3,43.98
ORD001133,CUST00238,2026-01-23,3,84.72
ORD001134,CUST00350,09-29-2024,5,428.7
ORD001135,CUST00397,22/03/2025,10,479.22
ORD001136,CUST00100,02-12-2025,5,484.63
ORD001137,CUST00097,05-23-2026,5,143.66
ORD001138,CUST00184,07-03-2025,8,382.76
ORD001139,CUST00127,10-24-2025,6,203.46
ORD001140,CUST00133,2025-05-02,10,189.97
ORD001141,CUST00270,2026-01-14,1,323.71
ORD001142,CUST00009,05/07/2025,2,83.31
ORD001143,CUST00398,2026-04-22,6,323.03
ORD001144,CUST00088,15/07/2025,2,461.63
ORD001145,CUST00337,17/03/2025,6,245.72
ORD001146,CUST00286,2024-10-17,8,110.67
ORD001147,CUST00390,28/08/2025,6,489.39
ORD001148,CUST00024,2025-02-15,5,92.17
ORD001149,CUST00084,17/12/2025,8,264.77
ORD001150,CUST00056,11/10/2024,7,377.82
ORD001151,CUST00430,2025-08-01,3,221.21
ORD001152,CUST00011,2025-02-16,4,335.64
ORD001153,CUST00325,10/06/2026,8,252.23
ORD001154,CUST00417,04/10/2025,1,471.95
ORD001155,CUST00100,31/03/2026,4,275.31
ORD001156,CUST00357,27/11/2024,4,290.53
ORD001157,CUST00017,08-16-2026,2,326.21
ORD001158,CUST00361,11-28-2025,6,92.03
ORD001159,CUST00167,12-11-2024,7,352.54
ORD001160,CUST00102,2025-10-07,2,13.13
ORD001161,CUST00103,2026-08-03,1,426.59
ORD001162,CUST00391,23/09/2024,8,178.55
ORD001163,CUST00406,12/06/2025,6,256.24
ORD001164,CUST00315,2026-04-01,7,7.06
ORD001165,CUST00027,09/05/2025,6,261.89
ORD001166,CUST00175,2025-05-23,4,198.72
ORD001167,CUST00053,2026-03-21,3,198.25
ORD001168,CUST00326,10-24-2024,2,67.53
ORD001169,CUST00402,2024-10-13,5,83.73
ORD001170,CUST00027,2025-02-08,10,310.96
ORD001171,CUST00392,04/10/2025,3,319.06
ORD001172,CUST00228,29/08/2026,9,364.52
ORD001173,CUST00267,05-13-2026,3,321.0
ORD001174,CUST00471,06-24-2025,3,447.83
ORD001175,CUST00371,02-14-2026,2,15.87
ORD001176,CUST00079,08/04/2025,7,160.22
ORD001177,CUST00185,03/01/2025,3,317.45
ORD001178,CUST00352,06-08-2025,10,7.48
ORD001179,CUST00125,07/07/2025,1,261.41
ORD001180,CUST00374,17/10/2025,4,73.59
ORD001181,CUST00130,08/03/2025,8,50.53
ORD001182,CUST00479,09-17-2024,9,461.56
ORD001183,CUST00288,05-19-2026,10,398.08
ORD001184,CUST00457,2026-03-13,6,305.61
ORD001185,CUST00383,2025-09-27,8,21.71
ORD001186,CUST00301,2025-09-09,9,19.82
ORD001187,CUST00191,04-09-2026,6,390.86
ORD001188,CUST00012,10-08-2024,10,449.88
ORD001189,CUST00218,04-02-2025,5,473.4
ORD001190,CUST00432,09-25-2024,6,29.58
ORD001191,CUST00282,12-13-2025,3,297.63
ORD001192,CUST90292,2026-01-23,1,145.76
ORD001193,CUST00041,10-02-2024,8,402.24
ORD001194,CUST00355,2026-03-10,6,28.3
ORD001195,CUST90005,2026-04-25,2,469.16
ORD001196,CUST00011,11/06/2025,6,363.51
ORD001197,CUST00378,2025-06-27,1,434.67
ORD001198,CUST00114,29/04/2026,5,168.02
ORD001199,CUST00277,2026-06-10,10,67.51
ORD001200,CUST00424,2026-05-31,9,291.05
ORD001201,CUST00330,11-02-2024,2,151.64
ORD001202,CUST00249,2025-09-11,4,42.2
ORD001203,CUST00222,02-04-2026,8,108.29
ORD001204,CUST00321,02-25-2026,8,424.66
ORD001205,CUST00373,09-22-2024,10,391.11
ORD001206,CUST00169,2026-03-04,10,77.91
ORD001207,CUST00247,08/10/2025,8,19.15
ORD001208,CUST00272,11/07/2026,9,218.58
ORD001209,CUST90020,11-16-2024,6,326.07
ORD001210,CUST00302,11/11/2025,3,267.13
ORD001211,CUST00052,2025-06-20,4,448.05
ORD001212,CUST00104,08/05/2026,10,205.26
ORD001213,CUST00275,05-29-2026,4,147.56
ORD001214,CUST00097,04/04/2026,10,156.14
ORD001215,CUST00323,07-15-2025,6,75.21
ORD001216,CUST00343,05/03/2026,5,89.51
ORD001217,CUST95769,2025-04-16,8,238.92
ORD001218,CUST94762,2025-08-09,3,388.75
ORD001219,CUST00344,2024-11-19,9,245.81
ORD001220,CUST95777,08-17-2026,9,429.19
ORD001221,CUST00116,03/11/2025,9,15.26
ORD001222,CUST00146,06-10-2025,10,486.78
ORD001223,CUST00199,07-18-2025,2,439.19
ORD001224,CUST00461,2025-02-17,3,341.14
ORD001225,CUST00428,07-02-2025,4,262.44
ORD001226,CUST00444,2025-03-30,6,484.89
ORD001227,CUST00478,2025-04-03,5,333.84
ORD001228,CUST00302,03/02/2026,1,413.61
ORD001229,CUST00006,2025-09-13,1,73.17
ORD001230,CUST90014,2025-06-14,3,358.03
ORD001231,CUST00443,09-03-2026,4,466.8
ORD001232,CUST00396,2026-02-21,2,460.5
ORD001233,CUST00447,08-04-2026,10,384.99
ORD001234,CUST00205,03-19-2026,10,233.27
ORD001235,CUST00448,12/02/2026,9,160.06
ORD001236,CUST00480,08-04-2025,7,456.72
ORD001237,CUST00091,2025-11-04,5,292.26
ORD001238,CUST00301,26/09/2024,7,336.69
ORD001239,CUST00472,03-25-2026,5,326.69
ORD001240,CUST00298,2025-07-31,1,294.39
ORD001241,CUST00210,2025-08-22,8,448.05
ORD001242,CUST00319,2024-11-26,8,104.35
ORD001243,CUST00124,04-23-2025,2,417.2
ORD001244,CUST00125,22/12/2024,8,411.03
ORD001245,CUST00450,2025-12-12,7,15.72
ORD001246,CUST00247,08/11/2024,9,242.83
ORD001247,CUST90004,10-23-2025,7,58.13
ORD001248,CUST00029,06/02/2025,2,10.45
ORD001249,CUST00456,28/07/2026,6,236.61
ORD001250,CUST00163,2025-11-15,9,451.76
ORD001251,CUST00179,11-08-2024,10,359.02
ORD001252,CUST00311,06-29-2025,8,238.52
ORD001253,CUST90019,2026-05-13,3,296.48
ORD001254,CUST00414,25/09/2025,1,83.79
ORD001255,CUST00488,05-14-2026,4,440.97
ORD001256,CUST00431,03-17-2026,5,424.17
ORD001257,CUST00031,10-21-2024,8,494.49
ORD001258,CUST00259,2025-09-03,4,85.23
ORD001259,CUST00197,06/07/2025,1,335.99
ORD001260,CUST00006,03-03-2026,9,173.65
ORD001261,CUST90008,10/05/2026,4,239.5
ORD001262,CUST00142,10-04-2024,7,286.73
ORD001263,CUST00104,24/01/2026,4,272.57
ORD001264,CUST00297,11-19-2025,6,436.38
ORD001265,CUST00248,2026-06-07,9,311.23
ORD001266,CUST00483,2025-03-23,1,213.6
ORD001267,CUST00061,07/02/2025,9,168.16
ORD001268,CUST00064,24/10/2025,2,284.11
ORD001269,CUST00037,08-31-2025,7,308.15
ORD001270,CUST00133,08/09/2025,1,250.82
ORD001271,CUST00490,2026-08-10,4,32.4
ORD001272,CUST00389,2025-02-27,9,196.63
ORD001273,CUST00438,08-11-2025,2,491.35
ORD001274,CUST00448,08-27-2025,2,117.43
ORD001275,CUST00047,10-18-2025,4,42.92
ORD001276,CUST00045,2026-03-02,4,69.21
ORD001277,CUST00079,25/02/2026,9,354.1
ORD001278,CUST00226,07-13-2026,6,149.88
ORD001279,CUST00274,2025-07-16,2,450.71
ORD001280,CUST00287,03/11/2024,3,262.89
ORD001281,CUST00126,2024-12-10,3,121.38
ORD001282,CUST00117,17/09/2024,1,296.18
ORD001283,CUST00062,23/09/2025,10,14.33
ORD001284,CUST00230,05/12/2024,3,268.58
ORD001285,CUST00357,2025-01-30,6,454.19
ORD001286,CUST00029,2026-06-05,7,392.39
ORD001287,CUST00112,2024-11-30,5,469.3
ORD001288,CUST00267,17/06/2026,7,496.34
ORD001289,CUST00288,2025-09-04,2,386.81
ORD001290,CUST00040,12-09-2025,5,406.08
ORD001291,CUST00329,2025-09-26,8,222.76
ORD001292,CUST00492,2024-12-19,7,469.72
ORD001293,CUST00322,06-09-2026,5,141.69
ORD001294,CUST00179,10/07/2025,10,120.17
ORD001295,CUST90018,2024-09-14,1,117.84
ORD001296,CUST00264,02/12/2024,6,27.14
ORD001297,CUST90019,2026-09-05,4,287.33
ORD001298,CUST00074,2026-02-16,3,305.45
ORD001299,CUST00384,2026-06-13,10,187.31
ORD001300,CUST00027,25/03/2025,4,257.84
ORD001301,CUST00353,05-01-2025,10,364.5
ORD001302,CUST00081,2026-06-20,4,498.92
ORD001303,CUST00125,2025-10-25,1,331.3
ORD001304,CUST00200,01-07-2025,4,400.51
ORD001305,CUST00323,04-08-2025,4,479.02
ORD001306,CUST90017,21/01/2026,6,304.58
ORD001307,CUST00129,04-17-2026,7,334.62
ORD001308,CUST00350,08-04-2026,7,78.46
ORD001309,CUST00203,2025-06-06,1,212.22
ORD001310,CUST00482,11-23-2025,1,16.85
ORD001311,CUST00398,08-19-2025,7,124.51
ORD001312,CUST00345,2025-02-08,1,460.76
ORD001313,CUST00461,05-07-2025,8,368.05
ORD001314,CUST90021,07/03/2026,1,188.09
ORD001315,CUST00450,06/09/2026,10,387.64
ORD001316,CUST00050,2026-07-18,10,464.38
ORD001317,CUST00183,01-06-2025,4,142.74
ORD001318,CUST00356,12/02/2026,2,245.88
ORD001319,CUST00266,2025-08-20,4,74.8
ORD001320,CUST00173,28/04/2025,1,272.22
ORD001321,CUST90422,01-17-2025,10,225.19
ORD001322,CUST00113,2025-08-17,2,218.97
ORD001323,CUST00286,09-04-2026,6,373.42
ORD001324,CUST00161,09-12-2024,9,41.67
ORD001325,CUST00040,2026-02-02,9,421.51
ORD001326,CUST00037,2025-01-31,4,191.22
ORD001327,CUST00272,11-15-2024,3,144.89
ORD001328,CUST00220,09/08/2025,2,307.55
ORD001329,CUST00270,2024-11-16,4,244.7
ORD001330,CUST00308,2025-12-08,8,316.86
ORD001331,CUST00303,16/11/2025,2,448.93
ORD001332,CUST00458,2024-10-26,2,478.38
ORD001333,CUST00408,2025-12-17,8,432.68
ORD001334,CUST00030,15/06/2026,9,426.24
ORD001335,CUST00331,18/05/2025,6,405.47
ORD001336,CUST00056,18/09/2024,4,410.17
ORD001337,CUST00171,2025-01-26,2,308.59
ORD001338,CUST00021,04-03-2025,7,353.84
ORD001339,CUST00065,2026-07-06,6,492.68
ORD001340,CUST00235,16/07/2025,3,169.09
ORD001341,CUST00014,23/02/2026,1,265.64
ORD001342,CUST00044,03/06/2025,5,317.62
ORD001343,CUST00127,03-22-2026,7,371.56
ORD001344,CUST00076,2026-07-22,7,372.61
ORD001345,CUST00098,2025-10-23,4,430.36
ORD001346,CUST00024,12-21-2025,2,329.75
ORD001347,CUST00096,03/02/2025,7,244.26
ORD001348,CUST00251,2025-11-15,7,382.54
ORD001349,CUST00026,11-22-2024,6,58.93
ORD001350,CUST00086,13/02/2025,3,471.34
ORD001351,CUST00413,01-16-2025,10,34.17
ORD001352,CUST00346,10-25-2025,10,436.36
ORD001353,CUST90000,12-09-2024,4,355.89
ORD001354,CUST00084,09-24-2025,2,379.66
ORD001355,CUST00171,23/12/2025,2,214.97
ORD001356,CUST00499,14/06/2025,9,9.58
ORD001357,CUST00278,2025-11-02,6,87.14
ORD001358,CUST00381,05-24-2026,8,168.44
ORD001359,CUST00139,24/11/2025,-8,211.07
ORD001360,CUST00006,08-15-2026,2,168.86
ORD001361,CUST00161,28/02/2026,9,175.75
ORD001362,CUST00292,2025-12-02,10,186.8
ORD001363,CUST00208,04/07/2026,3,112.14
ORD001364,CUST00130,2025-02-08,7,387.13
ORD001365,CUST00485,09/09/2024,1,494.6
ORD001366,CUST00151,24/02/2025,8,165.05
ORD001367,CUST90023,02-13-2025,8,252.69
ORD001368,CUST00387,2026-07-19,6,263.38
ORD001369,CUST00220,2025-12-01,5,420.74
ORD001370,CUST00257,2024-12-21,7,93.12
ORD001371,CUST00355,08-21-2025,9,460.7
ORD001372,CUST00011,08/09/2024,6,7.78
ORD001373,CUST00378,2024-11-03,1,21.6
ORD001374,CUST00045,2026-08-17,5,485.71
ORD001375,CUST00483,2024-12-17,8,376.22
ORD001376,CUST00107,21/04/2026,1,358.09
ORD001377,CUST00135,15/07/2025,2,320.55
ORD001378,CUST00285,08-18-2025,10,169.67
ORD001379,CUST00174,2025-04-17,6,470.57
ORD001380,CUST00063,17/03/2026,9,136.98
ORD001381,CUST00204,03-03-2025,1,282.48
ORD001382,CUST00089,06-22-2025,2,95.34
ORD001383,CUST00021,2026-03-27,4,232.87
ORD001384,CUST00316,2026-02-06,4,370.36
ORD001385,CUST00294,25/05/2025,3,209.92
ORD001386,CUST00205,14/05/2026,5,222.6
ORD001387,CUST00373,2025-04-27,8,345.08
ORD001388,CUST00395,04/11/2024,10,352.58
ORD001389,CUST00296,24/11/2025,9,372.85
ORD001390,CUST00216,11/02/2025,8,461.35
ORD001391,CUST00487,07/01/2025,10,284.07
ORD001392,CUST00331,2025-12-15,1,240.37
ORD001393,CUST00192,03-30-2025,8,377.26
ORD001394,CUST00446,12-21-2024,4,189.74
ORD001395,CUST00308,24/07/2025,4,450.93
ORD001396,CUST00276,07-27-2025,1,87.36
ORD001397,CUST00204,2026-01-29,3,169.91
ORD001398,CUST00317,03-10-2025,6,86840.0
ORD001399,CUST00177,12-04-2024,4,221.09
ORD001400,CUST00384,27/06/2026,3,238.05
ORD001401,CUST00484,2025-12-28,4,52.43
ORD001402,CUST00137,01-16-2025,5,366.53
ORD001403,CUST00074,2026-06-03,10,443.37
ORD001404,CUST00371,2026-05-26,10,202.1
ORD001405,CUST90011,25/03/2026,4,50.96
ORD001406,CUST00155,18/05/2025,7,242.92
ORD001407,CUST00184,15/07/2025,9,235.14
ORD001408,CUST00104,12-03-2025,1,68.73
ORD001409,CUST00012,2026-06-10,7,31.98
ORD001410,CUST00119,2026-07-12,8,391.6
ORD001411,CUST00374,25/01/2025,3,268.2
ORD001412,CUST00154,08/06/2025,10,259.87
ORD001413,CUST00446,22/07/2026,5,434.61
ORD001414,CUST00379,05/09/2026,6,384.58
ORD001415,CUST00301,01-29-2025,6,22.63
ORD001416,CUST00406,29/05/2025,2,67.4
ORD001417,CUST00282,01-28-2025,10,413.66
ORD001418,CUST00470,10/11/2025,6,77.64
ORD001419,CUST00104,2025-05-06,2,320.19
ORD001420,CUST00189,07-05-2026,2,219.55
ORD001421,CUST00268,2026-07-09,9,125.66
ORD001422,CUST00485,10/09/2025,7,345.99
ORD001423,CUST00047,2024-09-17,5,206.56
ORD001424,CUST00133,26/03/2025,8,488.07
ORD001425,CUST00019,12-25-2025,10,357.46
ORD001426,CUST00337,12-21-2025,-9,173.6
ORD001427,CUST00474,06-26-2025,9,338.13
ORD001428,CUST00081,2026-09-05,6,375.27
ORD001429,CUST00323,02-04-2026,3,87.53
ORD001430,CUST00024,03-27-2025,8,190.77
ORD001431,CUST00127,19/10/2024,4,59.76
ORD001432,CUST00411,10-31-2025,4,301.63
ORD001433,CUST00109,2024-09-30,6,268.59
ORD001434,CUST00476,14/02/2026,8,437.3
ORD001435,CUST95473,2025-08-18,2,328.29
ORD001436,CUST00030,11-26-2025,10,44.85
ORD001437,CUST00024,08-06-2025,10,343.76
ORD001438,CUST99852,2025-01-13,9,100.55
ORD001439,CUST00246,10/03/2026,4,150.03
ORD001440,CUST00473,2025-12-25,8,399.39
ORD001441,CUST00114,2025-10-11,3,362.41
ORD001442,CUST00417,2024-11-22,7,211.46
ORD001443,CUST00124,2025-06-05,9,222.07
ORD001444,CUST00408,2025-11-30,1,359.73
ORD001445,CUST00439,02-11-2026,5,292.01
ORD001446,CUST00376,02-05-2026,4,108.99
ORD001447,CUST00076,2025-01-15,4,174.51
ORD001448,CUST00462,2026-05-23,10,74.31
ORD001449,CUST96076,2024-11-07,5,83.36
ORD001450,CUST00451,05-10-2026,3,149.7
ORD001451,CUST00029,2024-12-04,3,133.41
ORD001452,CUST00416,2025-07-29,6,295.63
ORD001453,CUST00388,02-09-2026,3,243.62
ORD001454,CUST00067,04-25-2025,4,306.28
ORD001455,CUST00202,05-28-2026,1,423.64
ORD001456,CUST00234,03-29-2025,1,53.93
ORD001457,CUST00082,05-24-2026,10,126.12
ORD001458,CUST00251,30/12/2025,8,489.79
ORD001459,CUST00195,2026-03-01,3,35.13
ORD001460,CUST00489,2025-05-09,1,318.78
ORD001461,CUST00086,01-12-2026,10,246.18
ORD001462,CUST00115,06-27-2026,4,319.29
ORD001463,CUST00258,2026-06-26,8,167.68
ORD001464,CUST00307,09/01/2025,9,141.27
ORD001465,CUST00451,29/08/2026,3,163.01
ORD001466,CUST00168,17/02/2026,7,51.81
ORD001467,CUST00188,02/06/2025,2,110.54
ORD001468,CUST00484,18/09/2024,5,109.09
ORD001469,CUST00197,2026-01-06,3,82.78
ORD001470,CUST00427,07-09-2025,5,428.84
ORD001471,CUST00342,2026-01-09,6,215.52
ORD001472,CUST00414,22/10/2024,7,403.66
ORD001473,CUST00020,01-27-2025,5,189.87
ORD001474,CUST00334,2026-03-18,4,222.85
ORD001475,CUST00165,12-24-2024,10,485.71
ORD001476,CUST00499,21/03/2025,10,34.36
ORD001477,CUST00379,01-12-2025,8,376.16
ORD001478,CUST00424,2024-10-10,10,104.0
ORD001479,CUST00267,2025-11-26,1,386.1
ORD001480,CUST00322,01-24-2026,8,111.33
ORD001481,CUST00371,2025-07-04,5,375.09
ORD001482,CUST00421,2025-12-16,1,34.84
ORD001483,CUST00448,2026-05-16,6,248.54
ORD001484,CUST00078,2026-07-27,2,400.3
ORD001485,CUST00480,2025-04-23,2,218.32
ORD001486,CUST00156,10-22-2025,10,266.22
ORD001487,CUST00443,12-03-2024,-5,414.97
ORD001488,CUST00438,14/08/2025,4,385.05
ORD001489,CUST00206,2026-05-12,6,358.88
ORD001490,CUST00152,09/11/2024,3,269.04
ORD001491,CUST00131,2026-07-20,6,464.59
ORD001492,CUST00168,11-11-2024,4,18.51
ORD001493,CUST00127,07-11-2026,8,427.82
ORD001494,CUST00450,01-19-2025,7,66.7
ORD001495,CUST00125,10/11/2024,4,247.11
ORD001496,CUST00325,04-28-2025,2,183.13
ORD001497,CUST00468,10/12/2025,7,203.15
ORD001498,CUST00318,09-22-2024,5,352.1
ORD001499,CUST00483,09/01/2025,5,449.18
ORD001500,CUST00182,09-15-2024,3,237.56
